L,nsites,n_target,n,N,U,delta
14,196,1.0,1.0,98,0.0,0.1
14,196,1.0,1.0,98,0.0,0.2
14,196,1.0,1.0,98,0.0,0.3
14,196,1.0,1.0,98,0.0,0.4
14,196,1.0,1.0,98,0.0,0.5
14,196,1.0,1.0,98,0.0,0.6
14,196,1.0,1.0,98,0.0,0.7
14,196,1.0,1.0,98,2.0,0.1
14,196,1.0,1.0,98,2.0,0.2
14,196,1.0,1.0,98,2.0,0.3
14,196,1.0,1.0,98,2.0,0.4
14,196,1.0,1.0,98,2.0,0.5
14,196,1.0,1.0,98,2.0,0.6
14,196,1.0,1.0,98,2.0,0.7
14,196,1.0,1.0,98,3.0,0.1
14,196,1.0,1.0,98,3.0,0.2
14,196,1.0,1.0,98,3.0,0.3
14,196,1.0,1.0,98,3.0,0.4
14,196,1.0,1.0,98,3.0,0.5
14,196,1.0,1.0,98,3.0,0.6
14,196,1.0,1.0,98,3.0,0.7
14,196,1.0,1.0,98,3.5,0.1
14,196,1.0,1.0,98,3.5,0.2
14,196,1.0,1.0,98,3.5,0.3
14,196,1.0,1.0,98,3.5,0.4
14,196,1.0,1.0,98,3.5,0.5
14,196,1.0,1.0,98,3.5,0.6
14,196,1.0,1.0,98,3.5,0.7
14,196,1.0,1.0,98,4.0,0.1
14,196,1.0,1.0,98,4.0,0.2
14,196,1.0,1.0,98,4.0,0.3
14,196,1.0,1.0,98,4.0,0.4
14,196,1.0,1.0,98,4.0,0.5
14,196,1.0,1.0,98,4.0,0.6
14,196,1.0,1.0,98,4.0,0.7
14,196,1.0,1.0,98,4.5,0.1
14,196,1.0,1.0,98,4.5,0.2
14,196,1.0,1.0,98,4.5,0.3
14,196,1.0,1.0,98,4.5,0.4
14,196,1.0,1.0,98,4.5,0.5
14,196,1.0,1.0,98,4.5,0.6
14,196,1.0,1.0,98,4.5,0.7
14,196,1.0,1.0,98,5.0,0.1
14,196,1.0,1.0,98,5.0,0.2
14,196,1.0,1.0,98,5.0,0.3
14,196,1.0,1.0,98,5.0,0.4
14,196,1.0,1.0,98,5.0,0.5
14,196,1.0,1.0,98,5.0,0.6
14,196,1.0,1.0,98,5.0,0.7
14,196,0.95,0.949,93,0.0,0.1
14,196,0.95,0.949,93,0.0,0.2
14,196,0.95,0.949,93,0.0,0.3
14,196,0.95,0.949,93,0.0,0.4
14,196,0.95,0.949,93,0.0,0.5
14,196,0.95,0.949,93,0.0,0.6
14,196,0.95,0.949,93,0.0,0.7
14,196,0.95,0.949,93,2.0,0.1
14,196,0.95,0.949,93,2.0,0.2
14,196,0.95,0.949,93,2.0,0.3
14,196,0.95,0.949,93,2.0,0.4
14,196,0.95,0.949,93,2.0,0.5
14,196,0.95,0.949,93,2.0,0.6
14,196,0.95,0.949,93,2.0,0.7
14,196,0.95,0.949,93,3.0,0.1
14,196,0.95,0.949,93,3.0,0.2
14,196,0.95,0.949,93,3.0,0.3
14,196,0.95,0.949,93,3.0,0.4
14,196,0.95,0.949,93,3.0,0.5
14,196,0.95,0.949,93,3.0,0.6
14,196,0.95,0.949,93,3.0,0.7
14,196,0.95,0.949,93,3.5,0.1
14,196,0.95,0.949,93,3.5,0.2
14,196,0.95,0.949,93,3.5,0.3
14,196,0.95,0.949,93,3.5,0.4
14,196,0.95,0.949,93,3.5,0.5
14,196,0.95,0.949,93,3.5,0.6
14,196,0.95,0.949,93,3.5,0.7
14,196,0.95,0.949,93,4.0,0.1
14,196,0.95,0.949,93,4.0,0.2
14,196,0.95,0.949,93,4.0,0.3
14,196,0.95,0.949,93,4.0,0.4
14,196,0.95,0.949,93,4.0,0.5
14,196,0.95,0.949,93,4.0,0.6
14,196,0.95,0.949,93,4.0,0.7
14,196,0.95,0.949,93,4.5,0.1
14,196,0.95,0.949,93,4.5,0.2
14,196,0.95,0.949,93,4.5,0.3
14,196,0.95,0.949,93,4.5,0.4
14,196,0.95,0.949,93,4.5,0.5
14,196,0.95,0.949,93,4.5,0.6
14,196,0.95,0.949,93,4.5,0.7
14,196,0.95,0.949,93,5.0,0.1
14,196,0.95,0.949,93,5.0,0.2
14,196,0.95,0.949,93,5.0,0.3
14,196,0.95,0.949,93,5.0,0.4
14,196,0.95,0.949,93,5.0,0.5
14,196,0.95,0.949,93,5.0,0.6
14,196,0.95,0.949,93,5.0,0.7
14,196,0.9,0.898,88,0.0,0.1
14,196,0.9,0.898,88,0.0,0.2
14,196,0.9,0.898,88,0.0,0.3
14,196,0.9,0.898,88,0.0,0.4
14,196,0.9,0.898,88,0.0,0.5
14,196,0.9,0.898,88,0.0,0.6
14,196,0.9,0.898,88,0.0,0.7
14,196,0.9,0.898,88,2.0,0.1
14,196,0.9,0.898,88,2.0,0.2
14,196,0.9,0.898,88,2.0,0.3
14,196,0.9,0.898,88,2.0,0.4
14,196,0.9,0.898,88,2.0,0.5
14,196,0.9,0.898,88,2.0,0.6
14,196,0.9,0.898,88,2.0,0.7
14,196,0.9,0.898,88,3.0,0.1
14,196,0.9,0.898,88,3.0,0.2
14,196,0.9,0.898,88,3.0,0.3
14,196,0.9,0.898,88,3.0,0.4
14,196,0.9,0.898,88,3.0,0.5
14,196,0.9,0.898,88,3.0,0.6
14,196,0.9,0.898,88,3.0,0.7
14,196,0.9,0.898,88,3.5,0.1
14,196,0.9,0.898,88,3.5,0.2
14,196,0.9,0.898,88,3.5,0.3
14,196,0.9,0.898,88,3.5,0.4
14,196,0.9,0.898,88,3.5,0.5
14,196,0.9,0.898,88,3.5,0.6
14,196,0.9,0.898,88,3.5,0.7
14,196,0.9,0.898,88,4.0,0.1
14,196,0.9,0.898,88,4.0,0.2
14,196,0.9,0.898,88,4.0,0.3
14,196,0.9,0.898,88,4.0,0.4
14,196,0.9,0.898,88,4.0,0.5
14,196,0.9,0.898,88,4.0,0.6
14,196,0.9,0.898,88,4.0,0.7
14,196,0.9,0.898,88,4.5,0.1
14,196,0.9,0.898,88,4.5,0.2
14,196,0.9,0.898,88,4.5,0.3
14,196,0.9,0.898,88,4.5,0.4
14,196,0.9,0.898,88,4.5,0.5
14,196,0.9,0.898,88,4.5,0.6
14,196,0.9,0.898,88,4.5,0.7
14,196,0.9,0.898,88,5.0,0.1
14,196,0.9,0.898,88,5.0,0.2
14,196,0.9,0.898,88,5.0,0.3
14,196,0.9,0.898,88,5.0,0.4
14,196,0.9,0.898,88,5.0,0.5
14,196,0.9,0.898,88,5.0,0.6
14,196,0.9,0.898,88,5.0,0.7
14,196,0.82,0.8163,80,0.0,0.1
14,196,0.82,0.8163,80,0.0,0.2
14,196,0.82,0.8163,80,0.0,0.3
14,196,0.82,0.8163,80,0.0,0.4
14,196,0.82,0.8163,80,0.0,0.5
14,196,0.82,0.8163,80,0.0,0.6
14,196,0.82,0.8163,80,0.0,0.7
14,196,0.82,0.8163,80,2.0,0.1
14,196,0.82,0.8163,80,2.0,0.2
14,196,0.82,0.8163,80,2.0,0.3
14,196,0.82,0.8163,80,2.0,0.4
14,196,0.82,0.8163,80,2.0,0.5
14,196,0.82,0.8163,80,2.0,0.6
14,196,0.82,0.8163,80,2.0,0.7
14,196,0.82,0.8163,80,3.0,0.1
14,196,0.82,0.8163,80,3.0,0.2
14,196,0.82,0.8163,80,3.0,0.3
14,196,0.82,0.8163,80,3.0,0.4
14,196,0.82,0.8163,80,3.0,0.5
14,196,0.82,0.8163,80,3.0,0.6
14,196,0.82,0.8163,80,3.0,0.7
14,196,0.82,0.8163,80,3.5,0.1
14,196,0.82,0.8163,80,3.5,0.2
14,196,0.82,0.8163,80,3.5,0.3
14,196,0.82,0.8163,80,3.5,0.4
14,196,0.82,0.8163,80,3.5,0.5
14,196,0.82,0.8163,80,3.5,0.6
14,196,0.82,0.8163,80,3.5,0.7
14,196,0.82,0.8163,80,4.0,0.1
14,196,0.82,0.8163,80,4.0,0.2
14,196,0.82,0.8163,80,4.0,0.3
14,196,0.82,0.8163,80,4.0,0.4
14,196,0.82,0.8163,80,4.0,0.5
14,196,0.82,0.8163,80,4.0,0.6
14,196,0.82,0.8163,80,4.0,0.7
14,196,0.82,0.8163,80,4.5,0.1
14,196,0.82,0.8163,80,4.5,0.2
14,196,0.82,0.8163,80,4.5,0.3
14,196,0.82,0.8163,80,4.5,0.4
14,196,0.82,0.8163,80,4.5,0.5
14,196,0.82,0.8163,80,4.5,0.6
14,196,0.82,0.8163,80,4.5,0.7
14,196,0.82,0.8163,80,5.0,0.1
14,196,0.82,0.8163,80,5.0,0.2
14,196,0.82,0.8163,80,5.0,0.3
14,196,0.82,0.8163,80,5.0,0.4
14,196,0.82,0.8163,80,5.0,0.5
14,196,0.82,0.8163,80,5.0,0.6
14,196,0.82,0.8163,80,5.0,0.7
14,196,0.75,0.7551,74,0.0,0.1
14,196,0.75,0.7551,74,0.0,0.2
14,196,0.75,0.7551,74,0.0,0.3
14,196,0.75,0.7551,74,0.0,0.4
14,196,0.75,0.7551,74,0.0,0.5
14,196,0.75,0.7551,74,0.0,0.6
14,196,0.75,0.7551,74,0.0,0.7
14,196,0.75,0.7551,74,2.0,0.1
14,196,0.75,0.7551,74,2.0,0.2
14,196,0.75,0.7551,74,2.0,0.3
14,196,0.75,0.7551,74,2.0,0.4
14,196,0.75,0.7551,74,2.0,0.5
14,196,0.75,0.7551,74,2.0,0.6
14,196,0.75,0.7551,74,2.0,0.7
14,196,0.75,0.7551,74,3.0,0.1
14,196,0.75,0.7551,74,3.0,0.2
14,196,0.75,0.7551,74,3.0,0.3
14,196,0.75,0.7551,74,3.0,0.4
14,196,0.75,0.7551,74,3.0,0.5
14,196,0.75,0.7551,74,3.0,0.6
14,196,0.75,0.7551,74,3.0,0.7
14,196,0.75,0.7551,74,3.5,0.1
14,196,0.75,0.7551,74,3.5,0.2
14,196,0.75,0.7551,74,3.5,0.3
14,196,0.75,0.7551,74,3.5,0.4
14,196,0.75,0.7551,74,3.5,0.5
14,196,0.75,0.7551,74,3.5,0.6
14,196,0.75,0.7551,74,3.5,0.7
14,196,0.75,0.7551,74,4.0,0.1
14,196,0.75,0.7551,74,4.0,0.2
14,196,0.75,0.7551,74,4.0,0.3
14,196,0.75,0.7551,74,4.0,0.4
14,196,0.75,0.7551,74,4.0,0.5
14,196,0.75,0.7551,74,4.0,0.6
14,196,0.75,0.7551,74,4.0,0.7
14,196,0.75,0.7551,74,4.5,0.1
14,196,0.75,0.7551,74,4.5,0.2
14,196,0.75,0.7551,74,4.5,0.3
14,196,0.75,0.7551,74,4.5,0.4
14,196,0.75,0.7551,74,4.5,0.5
14,196,0.75,0.7551,74,4.5,0.6
14,196,0.75,0.7551,74,4.5,0.7
14,196,0.75,0.7551,74,5.0,0.1
14,196,0.75,0.7551,74,5.0,0.2
14,196,0.75,0.7551,74,5.0,0.3
14,196,0.75,0.7551,74,5.0,0.4
14,196,0.75,0.7551,74,5.0,0.5
14,196,0.75,0.7551,74,5.0,0.6
14,196,0.75,0.7551,74,5.0,0.7
14,196,0.7,0.7041,69,0.0,0.1
14,196,0.7,0.7041,69,0.0,0.2
14,196,0.7,0.7041,69,0.0,0.3
14,196,0.7,0.7041,69,0.0,0.4
14,196,0.7,0.7041,69,0.0,0.5
14,196,0.7,0.7041,69,0.0,0.6
14,196,0.7,0.7041,69,0.0,0.7
14,196,0.7,0.7041,69,2.0,0.1
14,196,0.7,0.7041,69,2.0,0.2
14,196,0.7,0.7041,69,2.0,0.3
14,196,0.7,0.7041,69,2.0,0.4
14,196,0.7,0.7041,69,2.0,0.5
14,196,0.7,0.7041,69,2.0,0.6
14,196,0.7,0.7041,69,2.0,0.7
14,196,0.7,0.7041,69,3.0,0.1
14,196,0.7,0.7041,69,3.0,0.2
14,196,0.7,0.7041,69,3.0,0.3
14,196,0.7,0.7041,69,3.0,0.4
14,196,0.7,0.7041,69,3.0,0.5
14,196,0.7,0.7041,69,3.0,0.6
14,196,0.7,0.7041,69,3.0,0.7
14,196,0.7,0.7041,69,3.5,0.1
14,196,0.7,0.7041,69,3.5,0.2
14,196,0.7,0.7041,69,3.5,0.3
14,196,0.7,0.7041,69,3.5,0.4
14,196,0.7,0.7041,69,3.5,0.5
14,196,0.7,0.7041,69,3.5,0.6
14,196,0.7,0.7041,69,3.5,0.7
14,196,0.7,0.7041,69,4.0,0.1
14,196,0.7,0.7041,69,4.0,0.2
14,196,0.7,0.7041,69,4.0,0.3
14,196,0.7,0.7041,69,4.0,0.4
14,196,0.7,0.7041,69,4.0,0.5
14,196,0.7,0.7041,69,4.0,0.6
14,196,0.7,0.7041,69,4.0,0.7
14,196,0.7,0.7041,69,4.5,0.1
14,196,0.7,0.7041,69,4.5,0.2
14,196,0.7,0.7041,69,4.5,0.3
14,196,0.7,0.7041,69,4.5,0.4
14,196,0.7,0.7041,69,4.5,0.5
14,196,0.7,0.7041,69,4.5,0.6
14,196,0.7,0.7041,69,4.5,0.7
14,196,0.7,0.7041,69,5.0,0.1
14,196,0.7,0.7041,69,5.0,0.2
14,196,0.7,0.7041,69,5.0,0.3
14,196,0.7,0.7041,69,5.0,0.4
14,196,0.7,0.7041,69,5.0,0.5
14,196,0.7,0.7041,69,5.0,0.6
14,196,0.7,0.7041,69,5.0,0.7
14,196,0.65,0.6531,64,0.0,0.1
14,196,0.65,0.6531,64,0.0,0.2
14,196,0.65,0.6531,64,0.0,0.3
14,196,0.65,0.6531,64,0.0,0.4
14,196,0.65,0.6531,64,0.0,0.5
14,196,0.65,0.6531,64,0.0,0.6
14,196,0.65,0.6531,64,0.0,0.7
14,196,0.65,0.6531,64,2.0,0.1
14,196,0.65,0.6531,64,2.0,0.2
14,196,0.65,0.6531,64,2.0,0.3
14,196,0.65,0.6531,64,2.0,0.4
14,196,0.65,0.6531,64,2.0,0.5
14,196,0.65,0.6531,64,2.0,0.6
14,196,0.65,0.6531,64,2.0,0.7
14,196,0.65,0.6531,64,3.0,0.1
14,196,0.65,0.6531,64,3.0,0.2
14,196,0.65,0.6531,64,3.0,0.3
14,196,0.65,0.6531,64,3.0,0.4
14,196,0.65,0.6531,64,3.0,0.5
14,196,0.65,0.6531,64,3.0,0.6
14,196,0.65,0.6531,64,3.0,0.7
14,196,0.65,0.6531,64,3.5,0.1
14,196,0.65,0.6531,64,3.5,0.2
14,196,0.65,0.6531,64,3.5,0.3
14,196,0.65,0.6531,64,3.5,0.4
14,196,0.65,0.6531,64,3.5,0.5
14,196,0.65,0.6531,64,3.5,0.6
14,196,0.65,0.6531,64,3.5,0.7
14,196,0.65,0.6531,64,4.0,0.1
14,196,0.65,0.6531,64,4.0,0.2
14,196,0.65,0.6531,64,4.0,0.3
14,196,0.65,0.6531,64,4.0,0.4
14,196,0.65,0.6531,64,4.0,0.5
14,196,0.65,0.6531,64,4.0,0.6
14,196,0.65,0.6531,64,4.0,0.7
14,196,0.65,0.6531,64,4.5,0.1
14,196,0.65,0.6531,64,4.5,0.2
14,196,0.65,0.6531,64,4.5,0.3
14,196,0.65,0.6531,64,4.5,0.4
14,196,0.65,0.6531,64,4.5,0.5
14,196,0.65,0.6531,64,4.5,0.6
14,196,0.65,0.6531,64,4.5,0.7
14,196,0.65,0.6531,64,5.0,0.1
14,196,0.65,0.6531,64,5.0,0.2
14,196,0.65,0.6531,64,5.0,0.3
14,196,0.65,0.6531,64,5.0,0.4
14,196,0.65,0.6531,64,5.0,0.5
14,196,0.65,0.6531,64,5.0,0.6
14,196,0.65,0.6531,64,5.0,0.7
14,196,0.6,0.602,59,0.0,0.1
14,196,0.6,0.602,59,0.0,0.2
14,196,0.6,0.602,59,0.0,0.3
14,196,0.6,0.602,59,0.0,0.4
14,196,0.6,0.602,59,0.0,0.5
14,196,0.6,0.602,59,0.0,0.6
14,196,0.6,0.602,59,0.0,0.7
14,196,0.6,0.602,59,2.0,0.1
14,196,0.6,0.602,59,2.0,0.2
14,196,0.6,0.602,59,2.0,0.3
14,196,0.6,0.602,59,2.0,0.4
14,196,0.6,0.602,59,2.0,0.5
14,196,0.6,0.602,59,2.0,0.6
14,196,0.6,0.602,59,2.0,0.7
14,196,0.6,0.602,59,3.0,0.1
14,196,0.6,0.602,59,3.0,0.2
14,196,0.6,0.602,59,3.0,0.3
14,196,0.6,0.602,59,3.0,0.4
14,196,0.6,0.602,59,3.0,0.5
14,196,0.6,0.602,59,3.0,0.6
14,196,0.6,0.602,59,3.0,0.7
14,196,0.6,0.602,59,3.5,0.1
14,196,0.6,0.602,59,3.5,0.2
14,196,0.6,0.602,59,3.5,0.3
14,196,0.6,0.602,59,3.5,0.4
14,196,0.6,0.602,59,3.5,0.5
14,196,0.6,0.602,59,3.5,0.6
14,196,0.6,0.602,59,3.5,0.7
14,196,0.6,0.602,59,4.0,0.1
14,196,0.6,0.602,59,4.0,0.2
14,196,0.6,0.602,59,4.0,0.3
14,196,0.6,0.602,59,4.0,0.4
14,196,0.6,0.602,59,4.0,0.5
14,196,0.6,0.602,59,4.0,0.6
14,196,0.6,0.602,59,4.0,0.7
14,196,0.6,0.602,59,4.5,0.1
14,196,0.6,0.602,59,4.5,0.2
14,196,0.6,0.602,59,4.5,0.3
14,196,0.6,0.602,59,4.5,0.4
14,196,0.6,0.602,59,4.5,0.5
14,196,0.6,0.602,59,4.5,0.6
14,196,0.6,0.602,59,4.5,0.7
14,196,0.6,0.602,59,5.0,0.1
14,196,0.6,0.602,59,5.0,0.2
14,196,0.6,0.602,59,5.0,0.3
14,196,0.6,0.602,59,5.0,0.4
14,196,0.6,0.602,59,5.0,0.5
14,196,0.6,0.602,59,5.0,0.6
14,196,0.6,0.602,59,5.0,0.7
14,196,0.5,0.5,49,0.0,0.1
14,196,0.5,0.5,49,0.0,0.2
14,196,0.5,0.5,49,0.0,0.3
14,196,0.5,0.5,49,0.0,0.4
14,196,0.5,0.5,49,0.0,0.5
14,196,0.5,0.5,49,0.0,0.6
14,196,0.5,0.5,49,0.0,0.7
14,196,0.5,0.5,49,2.0,0.1
14,196,0.5,0.5,49,2.0,0.2
14,196,0.5,0.5,49,2.0,0.3
14,196,0.5,0.5,49,2.0,0.4
14,196,0.5,0.5,49,2.0,0.5
14,196,0.5,0.5,49,2.0,0.6
14,196,0.5,0.5,49,2.0,0.7
14,196,0.5,0.5,49,3.0,0.1
14,196,0.5,0.5,49,3.0,0.2
14,196,0.5,0.5,49,3.0,0.3
14,196,0.5,0.5,49,3.0,0.4
14,196,0.5,0.5,49,3.0,0.5
14,196,0.5,0.5,49,3.0,0.6
14,196,0.5,0.5,49,3.0,0.7
14,196,0.5,0.5,49,3.5,0.1
14,196,0.5,0.5,49,3.5,0.2
14,196,0.5,0.5,49,3.5,0.3
14,196,0.5,0.5,49,3.5,0.4
14,196,0.5,0.5,49,3.5,0.5
14,196,0.5,0.5,49,3.5,0.6
14,196,0.5,0.5,49,3.5,0.7
14,196,0.5,0.5,49,4.0,0.1
14,196,0.5,0.5,49,4.0,0.2
14,196,0.5,0.5,49,4.0,0.3
14,196,0.5,0.5,49,4.0,0.4
14,196,0.5,0.5,49,4.0,0.5
14,196,0.5,0.5,49,4.0,0.6
14,196,0.5,0.5,49,4.0,0.7
14,196,0.5,0.5,49,4.5,0.1
14,196,0.5,0.5,49,4.5,0.2
14,196,0.5,0.5,49,4.5,0.3
14,196,0.5,0.5,49,4.5,0.4
14,196,0.5,0.5,49,4.5,0.5
14,196,0.5,0.5,49,4.5,0.6
14,196,0.5,0.5,49,4.5,0.7
14,196,0.5,0.5,49,5.0,0.1
14,196,0.5,0.5,49,5.0,0.2
14,196,0.5,0.5,49,5.0,0.3
14,196,0.5,0.5,49,5.0,0.4
14,196,0.5,0.5,49,5.0,0.5
14,196,0.5,0.5,49,5.0,0.6
14,196,0.5,0.5,49,5.0,0.7
16,256,1.0,1.0,128,0.0,0.1
16,256,1.0,1.0,128,0.0,0.2
16,256,1.0,1.0,128,0.0,0.3
16,256,1.0,1.0,128,0.0,0.4
16,256,1.0,1.0,128,0.0,0.5
16,256,1.0,1.0,128,0.0,0.6
16,256,1.0,1.0,128,0.0,0.7
16,256,1.0,1.0,128,2.0,0.1
16,256,1.0,1.0,128,2.0,0.2
16,256,1.0,1.0,128,2.0,0.3
16,256,1.0,1.0,128,2.0,0.4
16,256,1.0,1.0,128,2.0,0.5
16,256,1.0,1.0,128,2.0,0.6
16,256,1.0,1.0,128,2.0,0.7
16,256,1.0,1.0,128,3.0,0.1
16,256,1.0,1.0,128,3.0,0.2
16,256,1.0,1.0,128,3.0,0.3
16,256,1.0,1.0,128,3.0,0.4
16,256,1.0,1.0,128,3.0,0.5
16,256,1.0,1.0,128,3.0,0.6
16,256,1.0,1.0,128,3.0,0.7
16,256,1.0,1.0,128,3.5,0.1
16,256,1.0,1.0,128,3.5,0.2
16,256,1.0,1.0,128,3.5,0.3
16,256,1.0,1.0,128,3.5,0.4
16,256,1.0,1.0,128,3.5,0.5
16,256,1.0,1.0,128,3.5,0.6
16,256,1.0,1.0,128,3.5,0.7
16,256,1.0,1.0,128,4.0,0.1
16,256,1.0,1.0,128,4.0,0.2
16,256,1.0,1.0,128,4.0,0.3
16,256,1.0,1.0,128,4.0,0.4
16,256,1.0,1.0,128,4.0,0.5
16,256,1.0,1.0,128,4.0,0.6
16,256,1.0,1.0,128,4.0,0.7
16,256,1.0,1.0,128,4.5,0.1
16,256,1.0,1.0,128,4.5,0.2
16,256,1.0,1.0,128,4.5,0.3
16,256,1.0,1.0,128,4.5,0.4
16,256,1.0,1.0,128,4.5,0.5
16,256,1.0,1.0,128,4.5,0.6
16,256,1.0,1.0,128,4.5,0.7
16,256,1.0,1.0,128,5.0,0.1
16,256,1.0,1.0,128,5.0,0.2
16,256,1.0,1.0,128,5.0,0.3
16,256,1.0,1.0,128,5.0,0.4
16,256,1.0,1.0,128,5.0,0.5
16,256,1.0,1.0,128,5.0,0.6
16,256,1.0,1.0,128,5.0,0.7
16,256,0.95,0.9531,122,0.0,0.1
16,256,0.95,0.9531,122,0.0,0.2
16,256,0.95,0.9531,122,0.0,0.3
16,256,0.95,0.9531,122,0.0,0.4
16,256,0.95,0.9531,122,0.0,0.5
16,256,0.95,0.9531,122,0.0,0.6
16,256,0.95,0.9531,122,0.0,0.7
16,256,0.95,0.9531,122,2.0,0.1
16,256,0.95,0.9531,122,2.0,0.2
16,256,0.95,0.9531,122,2.0,0.3
16,256,0.95,0.9531,122,2.0,0.4
16,256,0.95,0.9531,122,2.0,0.5
16,256,0.95,0.9531,122,2.0,0.6
16,256,0.95,0.9531,122,2.0,0.7
16,256,0.95,0.9531,122,3.0,0.1
16,256,0.95,0.9531,122,3.0,0.2
16,256,0.95,0.9531,122,3.0,0.3
16,256,0.95,0.9531,122,3.0,0.4
16,256,0.95,0.9531,122,3.0,0.5
16,256,0.95,0.9531,122,3.0,0.6
16,256,0.95,0.9531,122,3.0,0.7
16,256,0.95,0.9531,122,3.5,0.1
16,256,0.95,0.9531,122,3.5,0.2
16,256,0.95,0.9531,122,3.5,0.3
16,256,0.95,0.9531,122,3.5,0.4
16,256,0.95,0.9531,122,3.5,0.5
16,256,0.95,0.9531,122,3.5,0.6
16,256,0.95,0.9531,122,3.5,0.7
16,256,0.95,0.9531,122,4.0,0.1
16,256,0.95,0.9531,122,4.0,0.2
16,256,0.95,0.9531,122,4.0,0.3
16,256,0.95,0.9531,122,4.0,0.4
16,256,0.95,0.9531,122,4.0,0.5
16,256,0.95,0.9531,122,4.0,0.6
16,256,0.95,0.9531,122,4.0,0.7
16,256,0.95,0.9531,122,4.5,0.1
16,256,0.95,0.9531,122,4.5,0.2
16,256,0.95,0.9531,122,4.5,0.3
16,256,0.95,0.9531,122,4.5,0.4
16,256,0.95,0.9531,122,4.5,0.5
16,256,0.95,0.9531,122,4.5,0.6
16,256,0.95,0.9531,122,4.5,0.7
16,256,0.95,0.9531,122,5.0,0.1
16,256,0.95,0.9531,122,5.0,0.2
16,256,0.95,0.9531,122,5.0,0.3
16,256,0.95,0.9531,122,5.0,0.4
16,256,0.95,0.9531,122,5.0,0.5
16,256,0.95,0.9531,122,5.0,0.6
16,256,0.95,0.9531,122,5.0,0.7
16,256,0.9,0.8984,115,0.0,0.1
16,256,0.9,0.8984,115,0.0,0.2
16,256,0.9,0.8984,115,0.0,0.3
16,256,0.9,0.8984,115,0.0,0.4
16,256,0.9,0.8984,115,0.0,0.5
16,256,0.9,0.8984,115,0.0,0.6
16,256,0.9,0.8984,115,0.0,0.7
16,256,0.9,0.8984,115,2.0,0.1
16,256,0.9,0.8984,115,2.0,0.2
16,256,0.9,0.8984,115,2.0,0.3
16,256,0.9,0.8984,115,2.0,0.4
16,256,0.9,0.8984,115,2.0,0.5
16,256,0.9,0.8984,115,2.0,0.6
16,256,0.9,0.8984,115,2.0,0.7
16,256,0.9,0.8984,115,3.0,0.1
16,256,0.9,0.8984,115,3.0,0.2
16,256,0.9,0.8984,115,3.0,0.3
16,256,0.9,0.8984,115,3.0,0.4
16,256,0.9,0.8984,115,3.0,0.5
16,256,0.9,0.8984,115,3.0,0.6
16,256,0.9,0.8984,115,3.0,0.7
16,256,0.9,0.8984,115,3.5,0.1
16,256,0.9,0.8984,115,3.5,0.2
16,256,0.9,0.8984,115,3.5,0.3
16,256,0.9,0.8984,115,3.5,0.4
16,256,0.9,0.8984,115,3.5,0.5
16,256,0.9,0.8984,115,3.5,0.6
16,256,0.9,0.8984,115,3.5,0.7
16,256,0.9,0.8984,115,4.0,0.1
16,256,0.9,0.8984,115,4.0,0.2
16,256,0.9,0.8984,115,4.0,0.3
16,256,0.9,0.8984,115,4.0,0.4
16,256,0.9,0.8984,115,4.0,0.5
16,256,0.9,0.8984,115,4.0,0.6
16,256,0.9,0.8984,115,4.0,0.7
16,256,0.9,0.8984,115,4.5,0.1
16,256,0.9,0.8984,115,4.5,0.2
16,256,0.9,0.8984,115,4.5,0.3
16,256,0.9,0.8984,115,4.5,0.4
16,256,0.9,0.8984,115,4.5,0.5
16,256,0.9,0.8984,115,4.5,0.6
16,256,0.9,0.8984,115,4.5,0.7
16,256,0.9,0.8984,115,5.0,0.1
16,256,0.9,0.8984,115,5.0,0.2
16,256,0.9,0.8984,115,5.0,0.3
16,256,0.9,0.8984,115,5.0,0.4
16,256,0.9,0.8984,115,5.0,0.5
16,256,0.9,0.8984,115,5.0,0.6
16,256,0.9,0.8984,115,5.0,0.7
16,256,0.82,0.8203,105,0.0,0.1
16,256,0.82,0.8203,105,0.0,0.2
16,256,0.82,0.8203,105,0.0,0.3
16,256,0.82,0.8203,105,0.0,0.4
16,256,0.82,0.8203,105,0.0,0.5
16,256,0.82,0.8203,105,0.0,0.6
16,256,0.82,0.8203,105,0.0,0.7
16,256,0.82,0.8203,105,2.0,0.1
16,256,0.82,0.8203,105,2.0,0.2
16,256,0.82,0.8203,105,2.0,0.3
16,256,0.82,0.8203,105,2.0,0.4
16,256,0.82,0.8203,105,2.0,0.5
16,256,0.82,0.8203,105,2.0,0.6
16,256,0.82,0.8203,105,2.0,0.7
16,256,0.82,0.8203,105,3.0,0.1
16,256,0.82,0.8203,105,3.0,0.2
16,256,0.82,0.8203,105,3.0,0.3
16,256,0.82,0.8203,105,3.0,0.4
16,256,0.82,0.8203,105,3.0,0.5
16,256,0.82,0.8203,105,3.0,0.6
16,256,0.82,0.8203,105,3.0,0.7
16,256,0.82,0.8203,105,3.5,0.1
16,256,0.82,0.8203,105,3.5,0.2
16,256,0.82,0.8203,105,3.5,0.3
16,256,0.82,0.8203,105,3.5,0.4
16,256,0.82,0.8203,105,3.5,0.5
16,256,0.82,0.8203,105,3.5,0.6
16,256,0.82,0.8203,105,3.5,0.7
16,256,0.82,0.8203,105,4.0,0.1
16,256,0.82,0.8203,105,4.0,0.2
16,256,0.82,0.8203,105,4.0,0.3
16,256,0.82,0.8203,105,4.0,0.4
16,256,0.82,0.8203,105,4.0,0.5
16,256,0.82,0.8203,105,4.0,0.6
16,256,0.82,0.8203,105,4.0,0.7
16,256,0.82,0.8203,105,4.5,0.1
16,256,0.82,0.8203,105,4.5,0.2
16,256,0.82,0.8203,105,4.5,0.3
16,256,0.82,0.8203,105,4.5,0.4
16,256,0.82,0.8203,105,4.5,0.5
16,256,0.82,0.8203,105,4.5,0.6
16,256,0.82,0.8203,105,4.5,0.7
16,256,0.82,0.8203,105,5.0,0.1
16,256,0.82,0.8203,105,5.0,0.2
16,256,0.82,0.8203,105,5.0,0.3
16,256,0.82,0.8203,105,5.0,0.4
16,256,0.82,0.8203,105,5.0,0.5
16,256,0.82,0.8203,105,5.0,0.6
16,256,0.82,0.8203,105,5.0,0.7
16,256,0.75,0.75,96,0.0,0.1
16,256,0.75,0.75,96,0.0,0.2
16,256,0.75,0.75,96,0.0,0.3
16,256,0.75,0.75,96,0.0,0.4
16,256,0.75,0.75,96,0.0,0.5
16,256,0.75,0.75,96,0.0,0.6
16,256,0.75,0.75,96,0.0,0.7
16,256,0.75,0.75,96,2.0,0.1
16,256,0.75,0.75,96,2.0,0.2
16,256,0.75,0.75,96,2.0,0.3
16,256,0.75,0.75,96,2.0,0.4
16,256,0.75,0.75,96,2.0,0.5
16,256,0.75,0.75,96,2.0,0.6
16,256,0.75,0.75,96,2.0,0.7
16,256,0.75,0.75,96,3.0,0.1
16,256,0.75,0.75,96,3.0,0.2
16,256,0.75,0.75,96,3.0,0.3
16,256,0.75,0.75,96,3.0,0.4
16,256,0.75,0.75,96,3.0,0.5
16,256,0.75,0.75,96,3.0,0.6
16,256,0.75,0.75,96,3.0,0.7
16,256,0.75,0.75,96,3.5,0.1
16,256,0.75,0.75,96,3.5,0.2
16,256,0.75,0.75,96,3.5,0.3
16,256,0.75,0.75,96,3.5,0.4
16,256,0.75,0.75,96,3.5,0.5
16,256,0.75,0.75,96,3.5,0.6
16,256,0.75,0.75,96,3.5,0.7
16,256,0.75,0.75,96,4.0,0.1
16,256,0.75,0.75,96,4.0,0.2
16,256,0.75,0.75,96,4.0,0.3
16,256,0.75,0.75,96,4.0,0.4
16,256,0.75,0.75,96,4.0,0.5
16,256,0.75,0.75,96,4.0,0.6
16,256,0.75,0.75,96,4.0,0.7
16,256,0.75,0.75,96,4.5,0.1
16,256,0.75,0.75,96,4.5,0.2
16,256,0.75,0.75,96,4.5,0.3
16,256,0.75,0.75,96,4.5,0.4
16,256,0.75,0.75,96,4.5,0.5
16,256,0.75,0.75,96,4.5,0.6
16,256,0.75,0.75,96,4.5,0.7
16,256,0.75,0.75,96,5.0,0.1
16,256,0.75,0.75,96,5.0,0.2
16,256,0.75,0.75,96,5.0,0.3
16,256,0.75,0.75,96,5.0,0.4
16,256,0.75,0.75,96,5.0,0.5
16,256,0.75,0.75,96,5.0,0.6
16,256,0.75,0.75,96,5.0,0.7
16,256,0.7,0.7031,90,0.0,0.1
16,256,0.7,0.7031,90,0.0,0.2
16,256,0.7,0.7031,90,0.0,0.3
16,256,0.7,0.7031,90,0.0,0.4
16,256,0.7,0.7031,90,0.0,0.5
16,256,0.7,0.7031,90,0.0,0.6
16,256,0.7,0.7031,90,0.0,0.7
16,256,0.7,0.7031,90,2.0,0.1
16,256,0.7,0.7031,90,2.0,0.2
16,256,0.7,0.7031,90,2.0,0.3
16,256,0.7,0.7031,90,2.0,0.4
16,256,0.7,0.7031,90,2.0,0.5
16,256,0.7,0.7031,90,2.0,0.6
16,256,0.7,0.7031,90,2.0,0.7
16,256,0.7,0.7031,90,3.0,0.1
16,256,0.7,0.7031,90,3.0,0.2
16,256,0.7,0.7031,90,3.0,0.3
16,256,0.7,0.7031,90,3.0,0.4
16,256,0.7,0.7031,90,3.0,0.5
16,256,0.7,0.7031,90,3.0,0.6
16,256,0.7,0.7031,90,3.0,0.7
16,256,0.7,0.7031,90,3.5,0.1
16,256,0.7,0.7031,90,3.5,0.2
16,256,0.7,0.7031,90,3.5,0.3
16,256,0.7,0.7031,90,3.5,0.4
16,256,0.7,0.7031,90,3.5,0.5
16,256,0.7,0.7031,90,3.5,0.6
16,256,0.7,0.7031,90,3.5,0.7
16,256,0.7,0.7031,90,4.0,0.1
16,256,0.7,0.7031,90,4.0,0.2
16,256,0.7,0.7031,90,4.0,0.3
16,256,0.7,0.7031,90,4.0,0.4
16,256,0.7,0.7031,90,4.0,0.5
16,256,0.7,0.7031,90,4.0,0.6
16,256,0.7,0.7031,90,4.0,0.7
16,256,0.7,0.7031,90,4.5,0.1
16,256,0.7,0.7031,90,4.5,0.2
16,256,0.7,0.7031,90,4.5,0.3
16,256,0.7,0.7031,90,4.5,0.4
16,256,0.7,0.7031,90,4.5,0.5
16,256,0.7,0.7031,90,4.5,0.6
16,256,0.7,0.7031,90,4.5,0.7
16,256,0.7,0.7031,90,5.0,0.1
16,256,0.7,0.7031,90,5.0,0.2
16,256,0.7,0.7031,90,5.0,0.3
16,256,0.7,0.7031,90,5.0,0.4
16,256,0.7,0.7031,90,5.0,0.5
16,256,0.7,0.7031,90,5.0,0.6
16,256,0.7,0.7031,90,5.0,0.7
16,256,0.65,0.6484,83,0.0,0.1
16,256,0.65,0.6484,83,0.0,0.2
16,256,0.65,0.6484,83,0.0,0.3
16,256,0.65,0.6484,83,0.0,0.4
16,256,0.65,0.6484,83,0.0,0.5
16,256,0.65,0.6484,83,0.0,0.6
16,256,0.65,0.6484,83,0.0,0.7
16,256,0.65,0.6484,83,2.0,0.1
16,256,0.65,0.6484,83,2.0,0.2
16,256,0.65,0.6484,83,2.0,0.3
16,256,0.65,0.6484,83,2.0,0.4
16,256,0.65,0.6484,83,2.0,0.5
16,256,0.65,0.6484,83,2.0,0.6
16,256,0.65,0.6484,83,2.0,0.7
16,256,0.65,0.6484,83,3.0,0.1
16,256,0.65,0.6484,83,3.0,0.2
16,256,0.65,0.6484,83,3.0,0.3
16,256,0.65,0.6484,83,3.0,0.4
16,256,0.65,0.6484,83,3.0,0.5
16,256,0.65,0.6484,83,3.0,0.6
16,256,0.65,0.6484,83,3.0,0.7
16,256,0.65,0.6484,83,3.5,0.1
16,256,0.65,0.6484,83,3.5,0.2
16,256,0.65,0.6484,83,3.5,0.3
16,256,0.65,0.6484,83,3.5,0.4
16,256,0.65,0.6484,83,3.5,0.5
16,256,0.65,0.6484,83,3.5,0.6
16,256,0.65,0.6484,83,3.5,0.7
16,256,0.65,0.6484,83,4.0,0.1
16,256,0.65,0.6484,83,4.0,0.2
16,256,0.65,0.6484,83,4.0,0.3
16,256,0.65,0.6484,83,4.0,0.4
16,256,0.65,0.6484,83,4.0,0.5
16,256,0.65,0.6484,83,4.0,0.6
16,256,0.65,0.6484,83,4.0,0.7
16,256,0.65,0.6484,83,4.5,0.1
16,256,0.65,0.6484,83,4.5,0.2
16,256,0.65,0.6484,83,4.5,0.3
16,256,0.65,0.6484,83,4.5,0.4
16,256,0.65,0.6484,83,4.5,0.5
16,256,0.65,0.6484,83,4.5,0.6
16,256,0.65,0.6484,83,4.5,0.7
16,256,0.65,0.6484,83,5.0,0.1
16,256,0.65,0.6484,83,5.0,0.2
16,256,0.65,0.6484,83,5.0,0.3
16,256,0.65,0.6484,83,5.0,0.4
16,256,0.65,0.6484,83,5.0,0.5
16,256,0.65,0.6484,83,5.0,0.6
16,256,0.65,0.6484,83,5.0,0.7
16,256,0.6,0.6016,77,0.0,0.1
16,256,0.6,0.6016,77,0.0,0.2
16,256,0.6,0.6016,77,0.0,0.3
16,256,0.6,0.6016,77,0.0,0.4
16,256,0.6,0.6016,77,0.0,0.5
16,256,0.6,0.6016,77,0.0,0.6
16,256,0.6,0.6016,77,0.0,0.7
16,256,0.6,0.6016,77,2.0,0.1
16,256,0.6,0.6016,77,2.0,0.2
16,256,0.6,0.6016,77,2.0,0.3
16,256,0.6,0.6016,77,2.0,0.4
16,256,0.6,0.6016,77,2.0,0.5
16,256,0.6,0.6016,77,2.0,0.6
16,256,0.6,0.6016,77,2.0,0.7
16,256,0.6,0.6016,77,3.0,0.1
16,256,0.6,0.6016,77,3.0,0.2
16,256,0.6,0.6016,77,3.0,0.3
16,256,0.6,0.6016,77,3.0,0.4
16,256,0.6,0.6016,77,3.0,0.5
16,256,0.6,0.6016,77,3.0,0.6
16,256,0.6,0.6016,77,3.0,0.7
16,256,0.6,0.6016,77,3.5,0.1
16,256,0.6,0.6016,77,3.5,0.2
16,256,0.6,0.6016,77,3.5,0.3
16,256,0.6,0.6016,77,3.5,0.4
16,256,0.6,0.6016,77,3.5,0.5
16,256,0.6,0.6016,77,3.5,0.6
16,256,0.6,0.6016,77,3.5,0.7
16,256,0.6,0.6016,77,4.0,0.1
16,256,0.6,0.6016,77,4.0,0.2
16,256,0.6,0.6016,77,4.0,0.3
16,256,0.6,0.6016,77,4.0,0.4
16,256,0.6,0.6016,77,4.0,0.5
16,256,0.6,0.6016,77,4.0,0.6
16,256,0.6,0.6016,77,4.0,0.7
16,256,0.6,0.6016,77,4.5,0.1
16,256,0.6,0.6016,77,4.5,0.2
16,256,0.6,0.6016,77,4.5,0.3
16,256,0.6,0.6016,77,4.5,0.4
16,256,0.6,0.6016,77,4.5,0.5
16,256,0.6,0.6016,77,4.5,0.6
16,256,0.6,0.6016,77,4.5,0.7
16,256,0.6,0.6016,77,5.0,0.1
16,256,0.6,0.6016,77,5.0,0.2
16,256,0.6,0.6016,77,5.0,0.3
16,256,0.6,0.6016,77,5.0,0.4
16,256,0.6,0.6016,77,5.0,0.5
16,256,0.6,0.6016,77,5.0,0.6
16,256,0.6,0.6016,77,5.0,0.7
16,256,0.5,0.5,64,0.0,0.1
16,256,0.5,0.5,64,0.0,0.2
16,256,0.5,0.5,64,0.0,0.3
16,256,0.5,0.5,64,0.0,0.4
16,256,0.5,0.5,64,0.0,0.5
16,256,0.5,0.5,64,0.0,0.6
16,256,0.5,0.5,64,0.0,0.7
16,256,0.5,0.5,64,2.0,0.1
16,256,0.5,0.5,64,2.0,0.2
16,256,0.5,0.5,64,2.0,0.3
16,256,0.5,0.5,64,2.0,0.4
16,256,0.5,0.5,64,2.0,0.5
16,256,0.5,0.5,64,2.0,0.6
16,256,0.5,0.5,64,2.0,0.7
16,256,0.5,0.5,64,3.0,0.1
16,256,0.5,0.5,64,3.0,0.2
16,256,0.5,0.5,64,3.0,0.3
16,256,0.5,0.5,64,3.0,0.4
16,256,0.5,0.5,64,3.0,0.5
16,256,0.5,0.5,64,3.0,0.6
16,256,0.5,0.5,64,3.0,0.7
16,256,0.5,0.5,64,3.5,0.1
16,256,0.5,0.5,64,3.5,0.2
16,256,0.5,0.5,64,3.5,0.3
16,256,0.5,0.5,64,3.5,0.4
16,256,0.5,0.5,64,3.5,0.5
16,256,0.5,0.5,64,3.5,0.6
16,256,0.5,0.5,64,3.5,0.7
16,256,0.5,0.5,64,4.0,0.1
16,256,0.5,0.5,64,4.0,0.2
16,256,0.5,0.5,64,4.0,0.3
16,256,0.5,0.5,64,4.0,0.4
16,256,0.5,0.5,64,4.0,0.5
16,256,0.5,0.5,64,4.0,0.6
16,256,0.5,0.5,64,4.0,0.7
16,256,0.5,0.5,64,4.5,0.1
16,256,0.5,0.5,64,4.5,0.2
16,256,0.5,0.5,64,4.5,0.3
16,256,0.5,0.5,64,4.5,0.4
16,256,0.5,0.5,64,4.5,0.5
16,256,0.5,0.5,64,4.5,0.6
16,256,0.5,0.5,64,4.5,0.7
16,256,0.5,0.5,64,5.0,0.1
16,256,0.5,0.5,64,5.0,0.2
16,256,0.5,0.5,64,5.0,0.3
16,256,0.5,0.5,64,5.0,0.4
16,256,0.5,0.5,64,5.0,0.5
16,256,0.5,0.5,64,5.0,0.6
16,256,0.5,0.5,64,5.0,0.7
