U,delta,nseed,son,son_err,sext,sext_err,d,d_err,dxy,dxy_err
0.0,0.1,6,2.827071909905498e-14,0.0,5.870304242705515e-14,0.0,-5.572076133830706e-13,0.0,-3.47313289239537e-13,0.0
0.0,0.2,6,2.007727317732133e-14,0.0,1.1546319456101636e-16,0.0,2.719957592489664e-13,0.0,-2.920330643974012e-14,0.0
0.0,0.3,6,7.846612248840758e-14,5.6446291483718436e-30,9.611700324541067e-14,5.6446291483718436e-30,-7.638334409421078e-14,0.0,-3.3067770743855373e-13,0.0
0.0,0.4,6,2.5277557824665568e-14,1.4111572870929609e-30,-2.7789992529392297e-14,0.0,-2.4755308913881893e-13,0.0,-1.0710543563163812e-13,5.6446291483718436e-30
0.0,0.5,6,-4.289013588731906e-14,2.8223145741859218e-30,-1.1819545342461883e-13,1.1289258296743687e-29,-9.414691248821327e-15,0.0,2.7513546996260632e-14,0.0
0.0,0.6,6,-1.3291590050812376e-14,7.0557864354648044e-31,-1.8198553775050647e-13,0.0,3.4422242833898064e-13,0.0,-9.193978911525849e-14,0.0
0.0,0.7,6,4.584110868677272e-14,2.8223145741859218e-30,-1.2118583914144668e-13,0.0,3.3200109328390683e-14,2.8223145741859218e-30,-2.287725564542598e-14,1.4111572870929609e-30
2.0,0.1,6,-7.633792627950183,0.0035543557784270714,3.2587532716244305,0.002384984150321834,3.275095408017919,0.1280842110521495,-1.2260047034850534,0.03610508656915612
2.0,0.2,6,-7.601176963262087,0.003133832964434953,3.055277983715609,0.0014042903698321214,1.309542988946107,0.040428335719442106,1.741623600489147,0.03316737840595218
2.0,0.3,6,-7.238681290375541,0.005061328125689448,2.693418199657542,0.0015273822924489278,1.0416413598018741,0.022969020022703034,2.6977438851305067,0.04137972637506897
2.0,0.4,6,-6.6772708220373085,0.003833866008445611,2.352354860057872,0.0016112754798776555,0.6741778400684443,0.013153856304852302,3.3469648931593627,0.0075155217094797135
2.0,0.5,6,-6.208598438278012,0.0034481602566587208,2.072896644352516,0.0006339945744988194,0.5561282106367996,0.013460253308316154,2.695202304160327,0.0025896470812269844
2.0,0.6,6,-5.800065223531373,0.0019425629463869188,1.8457607922662091,0.0007918512609641906,0.47979465944201216,0.004478565960219747,2.1866239660077893,0.0027844988748372906
2.0,0.7,6,-5.436151642803012,0.0054087415277975824,1.6629835483649478,0.0006965833101340086,0.408456456850914,0.009712134248236786,1.7877617917980198,0.002817491474742861
3.0,0.1,6,-6.2214422211924925,0.005459277257603897,4.495045984063572,0.007655879532945879,4.12868836285414,0.15583062673088138,-1.6888584305668763,0.04121519886411176
3.0,0.2,6,-6.191869743547874,0.003028938089409299,4.202344873901173,0.004419718039179553,2.044649379471077,0.1664793935377823,3.3440584088750334,0.027532798793646323
3.0,0.3,6,-6.115812635709436,0.003370022829496945,3.727694947741534,0.0031287962563920357,1.79439836513944,0.045941172654936586,4.351878581108813,0.03080723282855747
3.0,0.4,6,-5.893503569758969,0.00352146271547566,3.281552467690091,0.002530384842619875,1.2533647369335805,0.027040979852257094,4.733133815154087,0.010106283901682701
3.0,0.5,6,-5.6280382297598335,0.003548230259239331,2.907489894764019,0.0015806145504085208,0.9742500576557376,0.028985520147283398,3.9794164895307205,0.006189030158588903
3.0,0.6,6,-5.3593289716681065,0.002041842450997859,2.601452773039132,0.0027507039478132374,0.8254655065527069,0.01541100765016597,3.328675498305154,0.0033932589884965985
3.0,0.7,6,-5.104993580973582,0.0022577762347369096,2.3491007326277074,0.000806453089894556,0.7047120817802721,0.012361296293138304,2.797719842756859,0.0038284570702606445
3.5,0.1,6,-5.410456325719508,0.004651096581975441,4.973202713021209,0.007766945082457095,4.3002489309259575,0.13393499194111122,-1.6636504454788392,0.025913532287146993
3.5,0.2,6,-5.417295762759484,0.00466233934405756,4.648675577641501,0.006286771150041925,2.6937663971993273,0.09595983048454744,3.6633098461147515,0.03815870665026352
3.5,0.3,6,-5.4494242144732254,0.003660842151394638,4.143704275604475,0.007992375263085766,2.126674269998704,0.05566754154869427,4.877459504217214,0.028278540835199123
3.5,0.4,6,-5.371196039741132,0.003996349431548205,3.665804938921275,0.004869090672002528,1.5104300144384142,0.04240559967636606,5.280387658085421,0.007823973053909368
3.5,0.5,6,-5.200322033965807,0.00293485874563562,3.265308401056753,0.0025760668186189904,1.1755265950226488,0.027849057281683104,4.531589033680903,0.009320376525552893
3.5,0.6,6,-5.003468120469331,0.0019036487921055651,2.926754016216989,0.001882608856248413,1.0360996263832114,0.028862226457123875,3.848016959256563,0.004983842183544413
3.5,0.7,6,-4.803849313215432,0.00250628333148154,2.648268580843855,0.0011058979324815345,0.8302235505232077,0.012584332878141717,3.272298030505189,0.004481933400849852
4.0,0.1,6,-4.632615938373433,0.004911918321233219,5.303833987808912,0.00405594778252026,4.248183030218487,0.1289545575615811,-1.7220784090678236,0.05516452566989239
4.0,0.2,6,-4.672303062958622,0.01754548379316892,4.974861700731956,0.015339045751339044,3.056610403075682,0.10766185308955734,3.869078462900126,0.09390168056013865
4.0,0.3,6,-4.780394181385435,0.007973194901943674,4.474111736020608,0.011881278396510661,2.6001759175931523,0.27430475909176477,5.274492696215606,0.046968734124824996
4.0,0.4,6,-4.820539670275492,0.0029097798458065805,3.9976065729448362,0.0049508450643151874,1.826710578227827,0.04581241166134518,5.7129674474036625,0.0072032319273948936
4.0,0.5,6,-4.744971305104207,0.001772828932012317,3.568764758983267,0.005799769142137794,1.4739336335586124,0.03055330801185053,5.004654321544237,0.004631578542447206
4.0,0.6,6,-4.615144189399496,0.0019812252002183524,3.2117746909352634,0.002146628243626112,1.221263723912022,0.011501060453004508,4.317839860900641,0.004245510912507668
4.0,0.7,6,-4.475414533246373,0.0023990913938642454,2.9109270600995365,0.003529470498342813,1.0289457473228991,0.04041046633276834,3.7223046950890537,0.0051071303610303155
4.5,0.1,6,-3.851590144504178,0.016952315278380967,5.466315855413558,0.017693064490292617,4.3527549878269385,0.1872939822707359,-1.5128407795177357,0.11870653861117275
4.5,0.2,6,-4.000467849155295,0.01571405173195456,5.191043619472469,0.013205311351927092,3.4796879183173868,0.12195668370019737,3.9356789011986826,0.0454888186642567
4.5,0.3,6,-4.1717428209963066,0.006673863055357918,4.7173063356373275,0.009901426270416238,2.729854618722293,0.13524476148249226,5.383904145618878,0.020547998542074973
4.5,0.4,6,-4.286448147860019,0.005426170760885742,4.261460314481,0.00619589280075665,2.098303598299401,0.05760994598161215,5.952387474514932,0.02204882248240627
4.5,0.5,6,-4.28172065009744,0.006219329379230774,3.8305764112859078,0.008082117314761597,1.6596033088214635,0.059304359269592086,5.365805706574908,0.007484552737383655
4.5,0.6,6,-4.228125886275369,0.004398216447663373,3.455692847427906,0.005919044204934455,1.3169007740791387,0.037548629686303084,4.729694375608047,0.009223335785980826
4.5,0.7,6,-4.136858773166034,0.0029725864604144424,3.1458065995447577,0.005899465915691626,1.3225570478970095,0.07266203263074279,4.105458394485164,0.010290084108608651
