L,U,delta,nseed,son,son_err,sext,sext_err,d,d_err,dxy,dxy_err
8,0.0,0.1,6,3.592903752291931e-14,2.8223145741859218e-30,2.2947199695977363e-14,0.0,1.0548895090778387e-13,5.6446291483718436e-30,3.213429522475053e-14,2.8223145741859218e-30
8,0.0,0.2,6,-5.591083152012289e-15,3.5278932177324022e-31,-2.210231997423761e-14,1.4111572870929609e-30,-9.026557279412377e-14,0.0,9.986678151108209e-14,0.0
8,0.0,0.3,6,1.5620837956475954e-14,1.4111572870929609e-30,-3.524347480521328e-14,0.0,-6.911804462106375e-14,0.0,-9.443112958251735e-14,5.6446291483718436e-30
8,0.0,0.4,6,3.024247519078927e-14,2.8223145741859218e-30,-1.30515320773128e-13,0.0,1.0134115768778427e-14,0.0,-9.683365220780617e-14,0.0
8,0.0,0.5,6,2.1748158829382193e-14,0.0,-4.402034292638745e-16,2.2049332610827514e-32,2.3367974222310297e-14,0.0,5.656808355070098e-14,0.0
8,0.0,0.6,6,-3.2557290197132716e-14,0.0,2.7650104428289525e-15,0.0,6.02007332872745e-14,0.0,-3.1649127762989337e-14,0.0
8,0.0,0.7,6,1.1567413693569507e-14,0.0,-3.1357416663269083e-14,0.0,4.8849813083506894e-14,0.0,-7.918665723138932e-15,7.0557864354648044e-31
8,2.0,0.1,6,-3.4324594033709253,0.0009731326470135482,1.3816818637664914,0.0006776179010853414,0.6324392058743653,0.016717913206593504,0.1773623109755036,0.016267086263185133
8,2.0,0.2,6,-3.2153376182711644,0.0018012551161950075,1.2855814168158664,0.000688056226330103,0.3741018406518862,0.0069024520722024375,-1.0927279170363635,0.032854213703526716
8,2.0,0.3,6,-3.237782900644975,0.005957441222034037,1.19221981562797,0.0015057260506761438,0.44946633133904856,0.011387623522071611,-0.3445688565276463,0.02853742241143358
8,2.0,0.4,6,-2.9371543776712907,0.0012044447116934909,1.0801477128164196,0.0010408844945877925,0.20493841680723066,0.007175187153187942,1.405832469523628,0.00422928357856976
8,2.0,0.5,6,-2.7294268321885515,0.0028149752242991794,0.9806730694430604,0.0004723591393807488,0.17301028174255825,0.007872543641476657,1.078708842473817,0.001702069753400852
8,2.0,0.6,6,-2.553000346207098,0.003574475426502965,0.8984175763401282,0.0007862086559951681,0.1464283583926487,0.0034803458736482108,0.8432510171618742,0.0018480954778922313
8,2.0,0.7,6,-2.403124714100439,0.005792593212494142,0.8316424756524756,0.0006453775928924969,0.14839408065525528,0.008790646844067272,0.6683210416068519,0.0016413984714240609
8,3.0,0.1,6,-2.8052355145962653,0.0024896401742951903,1.9242146393486663,0.001719492310809775,1.0892185369015932,0.012115971980043385,0.1789763099130716,0.022225799484387018
8,3.0,0.2,6,-2.7722471580698627,0.0021607729344241696,1.783765049529337,0.002191963561928883,0.6776973808556944,0.022776844493367993,0.354704412361464,0.030047797446975708
8,3.0,0.3,6,-2.7068248078857327,0.001967784983237873,1.6553245914405592,0.00176518162313479,0.7515928272822096,0.02065138487332607,0.823184958571895,0.043751054331185105
8,3.0,0.4,6,-2.5934568410323764,0.001671569636854268,1.4896245553220089,0.0015663708580345907,0.39556457851508237,0.01045277335856348,2.0427221089701395,0.002823370337661954
8,3.0,0.5,6,-2.479019485232382,0.001137004983483343,1.35611535528569,0.0013453487864673748,0.33768827270833873,0.02063387102743788,1.6502226969609606,0.004562072603460862
8,3.0,0.6,6,-2.3713760794916703,0.0011032884379652767,1.2434208829043805,0.0011500654380882528,0.2832092944067994,0.008475600736351537,1.343671626607536,0.0012915583123904585
8,3.0,0.7,6,-2.2663848925261276,0.0015412290312343594,1.150889215855381,0.0012557003924461591,0.27319060333458756,0.014178168461611285,1.1008748447276016,0.0010442310037916667
8,3.5,0.1,6,-2.444151206326039,0.0018616977790974387,2.1445746084665656,0.0027753014617502617,1.3368525993575682,0.024057539024776742,0.19591637518347524,0.03319405335384848
8,3.5,0.2,6,-2.471415407668936,0.0033169585794759733,1.993090350330643,0.002039767170257357,0.8698226921138729,0.01904735914784577,0.9622420952719603,0.02304557628084411
8,3.5,0.3,6,-2.433052859584576,0.001259542344346049,1.8382534557078969,0.002136311480271195,0.9063635789626026,0.013303296782104655,1.3288781509400651,0.02401442456540103
8,3.5,0.4,6,-2.3632938765727345,0.004783564992846686,1.660721730055866,0.0015345072993691127,0.5043864222674795,0.02201347362227297,2.293259070519703,0.003289888888315041
8,3.5,0.5,6,-2.292326080939345,0.0016067746451290926,1.5131249065773027,0.002642674709330693,0.42369243145343255,0.02318937505003101,1.9014972680870885,0.0035550485683848213
8,3.5,0.6,6,-2.209134181382874,0.0012515683047277135,1.387482638992557,0.0014057404023884127,0.38180345785932795,0.00940890203507512,1.5696809917251888,0.0029235340658985164
8,3.5,0.7,6,-2.129137981982462,0.0006661419421357487,1.2848165775460814,0.000797648671558916,0.30696308315753373,0.010333861095473308,1.3087679045319447,0.0013939001584363762
8,4.0,0.1,6,-2.110313930528152,0.0045223112817051785,2.3345067799603236,0.005237663877988774,1.6188799648557064,0.04334205044216278,0.16837337299549013,0.04164173536472273
8,4.0,0.2,6,-2.167519917292808,0.0022751255077158943,2.169997555060781,0.002300264217891646,1.089388474317465,0.026612982666496057,1.223521771501744,0.016454449518520528
8,4.0,0.3,6,-2.1633466799872054,0.0020233180938508738,1.998000231775172,0.0032412255068377245,0.9824721740187129,0.033061651864545925,1.6541192874626764,0.02730257963766863
8,4.0,0.4,6,-2.1421916900660958,0.00202641256822892,1.8053069507146307,0.0033700845608439366,0.6512555217743898,0.01515021187369813,2.5073830209896797,0.00880222478688562
8,4.0,0.5,6,-2.1006006373562034,0.0013727025989995274,1.6470588787460645,0.002679452676957305,0.5279070098889171,0.013161413690834985,2.135078323125308,0.0035554625582784804
8,4.0,0.6,6,-2.0411907936975915,0.0011796112900673578,1.5160374908751415,0.0016570544685507302,0.4521304828804283,0.012078687645312693,1.7871373108220387,0.0015719371342206557
8,4.0,0.7,6,-1.9815213840141384,0.0013928202142085792,1.4029642277564962,0.0015689638919085408,0.41307022263777066,0.01853376944057159,1.5021089183310858,0.0022362646071890277
8,4.5,0.1,6,-1.8079143501859354,0.005406940814839573,2.4621357333185347,0.011156654064234349,1.8504266527532838,0.04429403658579498,0.06527050831332602,0.0267118082534214
8,4.5,0.2,6,-1.8878987934725586,0.002224142346488324,2.318024500329289,0.003917301496042186,1.3334979529738238,0.05262445439069759,1.3759703761175375,0.054375508471580694
8,4.5,0.3,6,-1.9116333924257127,0.0011028080771054852,2.132200535713533,0.004722064030820288,1.1602501026544627,0.042451944854211845,1.9117744636583334,0.012184140174221298
8,4.5,0.4,6,-1.9241861667448514,0.00282615870228446,1.9301593387725313,0.0032324711638689143,0.8190364117165454,0.022339505962967438,2.65419210998653,0.006057872354153143
8,4.5,0.5,6,-1.9090159036358678,0.0021782039678635706,1.760756942771372,0.0025774426067714,0.6347271312741936,0.01578638090348086,2.313311205931245,0.0061790839054876165
8,4.5,0.6,6,-1.8738758476439836,0.0011947266106286365,1.6163478657096795,0.0022076974539550613,0.5716720944135188,0.021777403027991457,1.9745700653090104,0.003787737673995681
8,4.5,0.7,6,-1.832384914984144,0.0007731273400368667,1.5031130993089759,0.0016583885133520503,0.49660556089928104,0.020120097163989673,1.6834525553340451,0.0030185396322259497
8,5.0,0.1,6,-1.555126149396408,0.00416152115131958,2.569301934570482,0.006809145417500912,2.122377872895413,0.06837110130844339,0.10430971261073357,0.042737965511432364
8,5.0,0.2,6,-1.6215008499278598,0.004864244825748433,2.4123478744153606,0.0018575572678097708,1.5151611479515628,0.038172457690781564,1.4365362859344926,0.04272062033144503
8,5.0,0.3,6,-1.6851151449553552,0.0022965354622184525,2.237896730715105,0.006121307424347916,1.283449745399612,0.03863759532141017,2.042224122418412,0.024975300805168795
8,5.0,0.4,6,-1.721570003269614,0.002153044045077304,2.0298544314476925,0.0035964347410739235,0.9145186760607453,0.02381000067177672,2.7782290656671798,0.0074964472331183
8,5.0,0.5,6,-1.7296723058707777,0.001286815985302379,1.861221081160292,0.0023305906098418498,0.7843380072682374,0.013503370926917153,2.4595305477724243,0.006913829438730162
8,5.0,0.6,6,-1.7129709515466953,0.0013670078919766173,1.7126370315291688,0.0028877569907888585,0.6267647208576248,0.02048733777242899,2.151329123774382,0.008346163218971966
8,5.0,0.7,6,-1.6841995257093754,0.002182149559771343,1.592480162074682,0.0038228751419898885,0.5661264413481661,0.017131329702487992,1.852732857204768,0.0023207212115879876
10,0.0,0.1,6,8.91953177983851e-15,7.0557864354648044e-31,-3.1741276274033217e-15,0.0,1.7781331962396513e-14,0.0,-2.184030734042608e-13,0.0
10,0.0,0.2,6,-3.0491165148305304e-14,0.0,3.6611269571551467e-14,2.8223145741859218e-30,-1.793765136426373e-13,0.0,3.96127575186256e-14,2.8223145741859218e-30
10,0.0,0.3,6,3.6439740114246885e-14,0.0,-4.038047674015389e-14,2.8223145741859218e-30,-2.803091092573595e-14,0.0,-7.436717908149149e-14,0.0
10,0.0,0.4,6,4.088507310484603e-14,2.8223145741859218e-30,3.093802991571693e-14,2.8223145741859218e-30,-1.3392842390658188e-13,1.1289258296743687e-29,1.5667245278905285e-13,1.1289258296743687e-29
10,0.0,0.5,6,-1.8407497748285094e-14,1.4111572870929609e-30,-1.250505254901668e-13,1.1289258296743687e-29,3.671729587040318e-14,0.0,9.852119120523641e-14,0.0
10,0.0,0.6,6,-6.723510637129948e-14,0.0,6.262268481549429e-14,5.6446291483718436e-30,2.804156906677235e-13,0.0,-6.007749853154111e-14,0.0
10,0.0,0.7,6,2.0436985437299883e-14,0.0,-2.898375983662049e-14,0.0,-3.087308186877635e-14,0.0,-1.1679546219056644e-15,8.819733044331006e-32
10,2.0,0.1,6,-5.388523667267503,0.0026893378856484114,2.2657227172846137,0.0013900048525060252,2.734531401986953,0.08850591131424522,-0.5391507160649401,0.020222557899417664
10,2.0,0.2,6,-5.195715819979917,0.006714002425966814,2.08164962912141,0.0025062843297619037,0.7749323355261263,0.014377579221742345,-0.09369285419568452,0.08720101272691262
10,2.0,0.3,6,-4.99331278818119,0.001967928633427931,1.8604295426369646,0.0012264280337017223,0.6999857539309221,0.02110584140375842,2.428951353312661,0.01179424184545575
10,2.0,0.4,6,-4.61975374086945,0.002509965555587703,1.6495796338390545,0.001197061275159855,0.39174067881611546,0.014286169149025784,2.290117254081482,0.0028332634181779805
10,2.0,0.5,6,-4.299035185117046,0.0028906690566566414,1.4696477606826654,0.001045296789887677,0.3131238870534558,0.009163980475065807,1.8110707750670947,0.0026470047552989264
10,2.0,0.6,6,-4.014181195408655,0.007511791019610364,1.323245141408367,0.0009960211953052769,0.27704890434473106,0.0050172722948862054,1.4513674478531868,0.0008602855102912769
10,2.0,0.7,6,-3.7638640791692666,0.0039044627953324046,1.2047321070740444,0.0013084064964048296,0.24038733115120828,0.01385479549256757,1.1714881585712993,0.0016164826197207554
10,3.0,0.1,6,-4.340054092524242,0.003939296995265821,3.123741803372406,0.003808790320046268,3.1635035424245537,0.08265526210086899,-1.0337319666094689,0.03184194946743287
10,3.0,0.2,6,-4.342723588373627,0.004415503381206332,2.880837958849297,0.002210994448795014,1.3612678749919838,0.033997259476015174,2.143939451189187,0.037388160732724385
10,3.0,0.3,6,-4.24784368699328,0.0017467530253652767,2.5808275753702548,0.0029621539037567265,1.2512165696376412,0.04442251310641306,3.2997968171360856,0.009652932652617675
10,3.0,0.4,6,-4.083362925240377,0.004155152967890165,2.2934386055743263,0.00211550719043082,0.7391783484101876,0.032247679742753256,3.2579279025404593,0.005579603806153972
10,3.0,0.5,6,-3.8997846184253375,0.0012664210135018914,2.0493934024266114,0.001360889070793478,0.6046784172895571,0.020254707861844315,2.7022071908060403,0.0022645943825020096
10,3.0,0.6,6,-3.7131928908635707,0.001027133870011116,1.848025299409616,0.0010666802966977878,0.5055158433892418,0.015260504523888151,2.2406647084736724,0.0013219874636712994
10,3.0,0.7,6,-3.5461364028582447,0.0008944776167224372,1.6844222350671032,0.0011827836397743134,0.44903906028489415,0.013573278866610423,1.8677714965960721,0.0013770937489175838
10,3.5,0.1,6,-3.776771026659091,0.005677096690307197,3.4608248141922098,0.004338519581050029,3.5013183086460953,0.0691728901001105,-1.1920423181798294,0.035446021493269815
10,3.5,0.2,6,-3.816113696178441,0.002466117101728815,3.192889544308491,0.00434957393747157,1.6837840411590141,0.028088898217529253,2.4964863841127127,0.03372748056982891
10,3.5,0.3,6,-3.8078750034869024,0.0015393573079598452,2.879666845266556,0.0018135821585384868,1.5510154733998085,0.04135681341684186,3.631201340206991,0.013954545008753098
10,3.5,0.4,6,-3.724596569232881,0.0014054273373287655,2.561506231342656,0.0020982663349487798,0.9790750750241974,0.020702468636687815,3.656790113135923,0.005422952813697429
10,3.5,0.5,6,-3.6067963922042625,0.0017679345238191908,2.2957349473677393,0.0011046919923512098,0.7606227571239831,0.024619826592859564,3.0906153259528044,0.002711789486416911
10,3.5,0.6,6,-3.47216554153137,0.0013943767592120094,2.0751443170983923,0.0009463639512421243,0.6386965872615038,0.024755416194709747,2.60642742008504,0.0029654282193648488
10,3.5,0.7,6,-3.3372008859748825,0.0011307089761609455,1.8946727656940368,0.0016490336638365613,0.5648675930221263,0.010896461275068712,2.197125205289376,0.0020651950716914945
10,4.0,0.1,6,-3.2419409781228796,0.004890083704977348,3.746210170893568,0.006934007837176698,3.432644044124865,0.03232845796580642,-1.236887147694521,0.06692228018440526
10,4.0,0.2,6,-3.3174581141280886,0.00404166123289147,3.4605728040020813,0.004888799842861866,2.065382164244651,0.051948544143594844,2.706087659331425,0.06774139476095943
10,4.0,0.3,6,-3.3559902485246913,0.007339642803735714,3.1224716094708693,0.005034263271600288,1.7081004332690621,0.07985025404130215,3.793174636029716,0.021577771116451084
10,4.0,0.4,6,-3.3598279304456735,0.0035127878045430544,2.7892431723828595,0.003618994477758877,1.1186970805459933,0.012432457006910359,3.9638198572363437,0.009501409367693425
10,4.0,0.5,6,-3.2952422223683002,0.0013677835355143907,2.508595739047425,0.003260083117614941,0.9656133708309015,0.03861378349318587,3.430664333036354,0.010854229429794372
10,4.0,0.6,6,-3.2044315043345204,0.0010520049738213012,2.2738036727192434,0.0016147680813291016,0.7592861596684246,0.03159643996794705,2.9363145265165524,0.004257195450218281
10,4.0,0.7,6,-3.1060537801170427,0.0014818759309491725,2.0781458170567872,0.002786061855274937,0.6874301070828118,0.020114084724488907,2.5010251922038185,0.002508563478330052
10,4.5,0.1,6,-2.740744859703964,0.022603547686794373,3.876297841273743,0.023617332516246998,3.3428729724966058,0.08574977467240866,-1.078349692660767,0.04051822571597892
10,4.5,0.2,6,-2.8605671439622804,0.005376968841663835,3.6426407316611833,0.007443057955288765,2.283452260076256,0.07511314115932419,2.622743235704539,0.023328424142308405
10,4.5,0.3,6,-2.9365024527597527,0.004994005599787184,3.305813941528694,0.005314939887759217,1.9340535070867926,0.032013644339585465,3.867977864068401,0.023397877480862948
10,4.5,0.4,6,-2.9925466601566235,0.003693673951468631,2.972602112852029,0.0034553858642063467,1.3247976379790567,0.049252905013915965,4.142370903941975,0.018384218050167024
10,4.5,0.5,6,-2.99432619948851,0.0022538641312432107,2.6932449830937824,0.0032037348482135382,1.0847393333555262,0.017793041488506807,3.711791076829409,0.010023691305116243
10,4.5,0.6,6,-2.945286238872446,0.003903723313905951,2.4351586346404184,0.004326377699758252,0.9470212214374144,0.030651344907726953,3.2329620903552656,0.00589431565849472
10,4.5,0.7,6,-2.86827644008195,0.0015367756929547775,2.2400053077972117,0.0022877833747530175,0.7810682551087013,0.02791354916518492,2.783295470823191,0.004287512082318873
10,5.0,0.1,6,-2.307357063676038,0.01769213604600923,3.9244353235058593,0.020067567348541204,3.4179004797801884,0.10433373168175679,-1.0744817042652481,0.05939836911264037
10,5.0,0.2,6,-2.4414257902172634,0.012743672199451403,3.756202158510542,0.016063362689986455,2.522890700437148,0.10519087642065134,2.553620627754277,0.02747522660130162
10,5.0,0.3,6,-2.559801563584547,0.011823873427751595,3.457824424805091,0.010973009528211477,2.193487634076622,0.04968381683269348,3.8539320256765266,0.03261855499269629
10,5.0,0.4,6,-2.6699799861156843,0.0028967405982004363,3.1476190360621406,0.011543207413667766,1.5676108591932154,0.044435247328389466,4.2918191997201545,0.012728119784415867
10,5.0,0.5,6,-2.689379904575995,0.0026520176879713596,2.8403071456101814,0.009035565284382076,1.2705388367786847,0.0399729126592755,3.909495873476899,0.011099089275505155
10,5.0,0.6,6,-2.6791286241026846,0.0031305195661149956,2.5905273614726245,0.003086769621765037,1.0539897936753022,0.022191387860481547,3.4669324282415666,0.003774768949606072
10,5.0,0.7,6,-2.635512476115655,0.0018756017178257207,2.373716957610234,0.0026620463393361594,0.8949524678384075,0.04208193734711588,3.03007794467892,0.005246223293310762
12,0.0,0.1,6,2.827071909905498e-14,0.0,5.870304242705515e-14,0.0,-5.572076133830706e-13,0.0,-3.47313289239537e-13,0.0
12,0.0,0.2,6,2.007727317732133e-14,0.0,1.1546319456101636e-16,0.0,2.719957592489664e-13,0.0,-2.920330643974012e-14,0.0
12,0.0,0.3,6,7.846612248840758e-14,5.6446291483718436e-30,9.611700324541067e-14,5.6446291483718436e-30,-7.638334409421078e-14,0.0,-3.3067770743855373e-13,0.0
12,0.0,0.4,6,2.5277557824665568e-14,1.4111572870929609e-30,-2.7789992529392297e-14,0.0,-2.4755308913881893e-13,0.0,-1.0710543563163812e-13,5.6446291483718436e-30
12,0.0,0.5,6,-4.289013588731906e-14,2.8223145741859218e-30,-1.1819545342461883e-13,1.1289258296743687e-29,-9.414691248821327e-15,0.0,2.7513546996260632e-14,0.0
12,0.0,0.6,6,-1.3291590050812376e-14,7.0557864354648044e-31,-1.8198553775050647e-13,0.0,3.4422242833898064e-13,0.0,-9.193978911525849e-14,0.0
12,0.0,0.7,6,4.584110868677272e-14,2.8223145741859218e-30,-1.2118583914144668e-13,0.0,3.3200109328390683e-14,2.8223145741859218e-30,-2.287725564542598e-14,1.4111572870929609e-30
12,2.0,0.1,6,-7.633792627950183,0.0035543557784270714,3.2587532716244305,0.002384984150321834,3.275095408017919,0.1280842110521495,-1.2260047034850534,0.03610508656915612
12,2.0,0.2,6,-7.601176963262087,0.003133832964434953,3.055277983715609,0.0014042903698321214,1.309542988946107,0.040428335719442106,1.741623600489147,0.03316737840595218
12,2.0,0.3,6,-7.238681290375541,0.005061328125689448,2.693418199657542,0.0015273822924489278,1.0416413598018741,0.022969020022703034,2.6977438851305067,0.04137972637506897
12,2.0,0.4,6,-6.6772708220373085,0.003833866008445611,2.352354860057872,0.0016112754798776555,0.6741778400684443,0.013153856304852302,3.3469648931593627,0.0075155217094797135
12,2.0,0.5,6,-6.208598438278012,0.0034481602566587208,2.072896644352516,0.0006339945744988194,0.5561282106367996,0.013460253308316154,2.695202304160327,0.0025896470812269844
12,2.0,0.6,6,-5.800065223531373,0.0019425629463869188,1.8457607922662091,0.0007918512609641906,0.47979465944201216,0.004478565960219747,2.1866239660077893,0.0027844988748372906
12,2.0,0.7,6,-5.436151642803012,0.0054087415277975824,1.6629835483649478,0.0006965833101340086,0.408456456850914,0.009712134248236786,1.7877617917980198,0.002817491474742861
12,3.0,0.1,6,-6.2214422211924925,0.005459277257603897,4.495045984063572,0.007655879532945879,4.12868836285414,0.15583062673088138,-1.6888584305668763,0.04121519886411176
12,3.0,0.2,6,-6.191869743547874,0.003028938089409299,4.202344873901173,0.004419718039179553,2.044649379471077,0.1664793935377823,3.3440584088750334,0.027532798793646323
12,3.0,0.3,6,-6.115812635709436,0.003370022829496945,3.727694947741534,0.0031287962563920357,1.79439836513944,0.045941172654936586,4.351878581108813,0.03080723282855747
12,3.0,0.4,6,-5.893503569758969,0.00352146271547566,3.281552467690091,0.002530384842619875,1.2533647369335805,0.027040979852257094,4.733133815154087,0.010106283901682701
12,3.0,0.5,6,-5.6280382297598335,0.003548230259239331,2.907489894764019,0.0015806145504085208,0.9742500576557376,0.028985520147283398,3.9794164895307205,0.006189030158588903
12,3.0,0.6,6,-5.3593289716681065,0.002041842450997859,2.601452773039132,0.0027507039478132374,0.8254655065527069,0.01541100765016597,3.328675498305154,0.0033932589884965985
12,3.0,0.7,6,-5.104993580973582,0.0022577762347369096,2.3491007326277074,0.000806453089894556,0.7047120817802721,0.012361296293138304,2.797719842756859,0.0038284570702606445
12,3.5,0.1,6,-5.410456325719508,0.004651096581975441,4.973202713021209,0.007766945082457095,4.3002489309259575,0.13393499194111122,-1.6636504454788392,0.025913532287146993
12,3.5,0.2,6,-5.417295762759484,0.00466233934405756,4.648675577641501,0.006286771150041925,2.6937663971993273,0.09595983048454744,3.6633098461147515,0.03815870665026352
12,3.5,0.3,6,-5.4494242144732254,0.003660842151394638,4.143704275604475,0.007992375263085766,2.126674269998704,0.05566754154869427,4.877459504217214,0.028278540835199123
12,3.5,0.4,6,-5.371196039741132,0.003996349431548205,3.665804938921275,0.004869090672002528,1.5104300144384142,0.04240559967636606,5.280387658085421,0.007823973053909368
12,3.5,0.5,6,-5.200322033965807,0.00293485874563562,3.265308401056753,0.0025760668186189904,1.1755265950226488,0.027849057281683104,4.531589033680903,0.009320376525552893
12,3.5,0.6,6,-5.003468120469331,0.0019036487921055651,2.926754016216989,0.001882608856248413,1.0360996263832114,0.028862226457123875,3.848016959256563,0.004983842183544413
12,3.5,0.7,6,-4.803849313215432,0.00250628333148154,2.648268580843855,0.0011058979324815345,0.8302235505232077,0.012584332878141717,3.272298030505189,0.004481933400849852
12,4.0,0.1,6,-4.632615938373433,0.004911918321233219,5.303833987808912,0.00405594778252026,4.248183030218487,0.1289545575615811,-1.7220784090678236,0.05516452566989239
12,4.0,0.2,6,-4.672303062958622,0.01754548379316892,4.974861700731956,0.015339045751339044,3.056610403075682,0.10766185308955734,3.869078462900126,0.09390168056013865
12,4.0,0.3,6,-4.780394181385435,0.007973194901943674,4.474111736020608,0.011881278396510661,2.6001759175931523,0.27430475909176477,5.274492696215606,0.046968734124824996
12,4.0,0.4,6,-4.820539670275492,0.0029097798458065805,3.9976065729448362,0.0049508450643151874,1.826710578227827,0.04581241166134518,5.7129674474036625,0.0072032319273948936
12,4.0,0.5,6,-4.744971305104207,0.001772828932012317,3.568764758983267,0.005799769142137794,1.4739336335586124,0.03055330801185053,5.004654321544237,0.004631578542447206
12,4.0,0.6,6,-4.615144189399496,0.0019812252002183524,3.2117746909352634,0.002146628243626112,1.221263723912022,0.011501060453004508,4.317839860900641,0.004245510912507668
12,4.0,0.7,6,-4.475414533246373,0.0023990913938642454,2.9109270600995365,0.003529470498342813,1.0289457473228991,0.04041046633276834,3.7223046950890537,0.0051071303610303155
12,4.5,0.1,6,-3.851590144504178,0.016952315278380967,5.466315855413558,0.017693064490292617,4.3527549878269385,0.1872939822707359,-1.5128407795177357,0.11870653861117275
12,4.5,0.2,6,-4.000467849155295,0.01571405173195456,5.191043619472469,0.013205311351927092,3.4796879183173868,0.12195668370019737,3.9356789011986826,0.0454888186642567
12,4.5,0.3,6,-4.1717428209963066,0.006673863055357918,4.7173063356373275,0.009901426270416238,2.729854618722293,0.13524476148249226,5.383904145618878,0.020547998542074973
12,4.5,0.4,6,-4.286448147860019,0.005426170760885742,4.261460314481,0.00619589280075665,2.098303598299401,0.05760994598161215,5.952387474514932,0.02204882248240627
12,4.5,0.5,6,-4.28172065009744,0.006219329379230774,3.8305764112859078,0.008082117314761597,1.6596033088214635,0.059304359269592086,5.365805706574908,0.007484552737383655
12,4.5,0.6,6,-4.228125886275369,0.004398216447663373,3.455692847427906,0.005919044204934455,1.3169007740791387,0.037548629686303084,4.729694375608047,0.009223335785980826
12,4.5,0.7,6,-4.136858773166034,0.0029725864604144424,3.1458065995447577,0.005899465915691626,1.3225570478970095,0.07266203263074279,4.105458394485164,0.010290084108608651
12,5.0,0.1,6,-3.2431420032544076,0.02149652445465411,5.457440029923831,0.03063546739459594,4.609928133541259,0.35325556544930653,-1.1758708435145715,0.19368138832187679
12,5.0,0.2,6,-3.330159761611686,0.02706181645540459,5.224203323869994,0.026792040427237235,3.7214290215795516,0.44004831366742264,3.4602967286904924,0.10428062983558108
12,5.0,0.3,6,-3.5477097095949257,0.03874054326486501,4.834360207598825,0.03777225887040157,2.9681123868190515,0.09671202228300543,5.341162732484514,0.07692936840588278
12,5.0,0.4,6,-3.7633595582585753,0.009486135550315094,4.416310403859661,0.014648571564578947,2.2317050422840037,0.09049755484585292,6.050891983703186,0.040213429863042
12,5.0,0.5,6,-3.8206686493222577,0.017515647123045253,4.016596064205136,0.014924144715134863,1.8636708367552632,0.0837655536566026,5.63098820347371,0.02409465112465644
12,5.0,0.6,6,-3.8298787488327366,0.0038644798879436905,3.6565755960383637,0.00735797892136296,1.5235324607250949,0.04525418252925896,5.064482644751213,0.016270315977870424
12,5.0,0.7,6,-3.7878923707664547,0.0029685589504953665,3.340411052704079,0.005317815929059233,1.3175949557763642,0.07760350792564195,4.457502602288391,0.006046811088904033
