L,U,delta,nk,A_odd,M_odd
1.000000000000000000e+01,0.000000000000000000e+00,1.000000000000000056e-01,1.000000000000000000e+02,nan,nan
1.000000000000000000e+01,0.000000000000000000e+00,2.000000000000000111e-01,1.000000000000000000e+02,nan,nan
1.000000000000000000e+01,0.000000000000000000e+00,2.999999999999999889e-01,1.000000000000000000e+02,nan,nan
1.000000000000000000e+01,0.000000000000000000e+00,4.000000000000000222e-01,1.000000000000000000e+02,nan,nan
1.000000000000000000e+01,0.000000000000000000e+00,5.000000000000000000e-01,1.000000000000000000e+02,nan,nan
1.000000000000000000e+01,0.000000000000000000e+00,5.999999999999999778e-01,1.000000000000000000e+02,nan,nan
1.000000000000000000e+01,0.000000000000000000e+00,6.999999999999999556e-01,1.000000000000000000e+02,nan,nan
1.000000000000000000e+01,2.000000000000000000e+00,1.000000000000000056e-01,1.000000000000000000e+02,2.172903709117432122e-02,1.998147764839150797e+00
1.000000000000000000e+01,2.000000000000000000e+00,2.000000000000000111e-01,1.000000000000000000e+02,2.399780163884771694e-02,1.986354154185419052e+00
1.000000000000000000e+01,2.000000000000000000e+00,2.999999999999999889e-01,1.000000000000000000e+02,5.517988602174554724e-02,1.998472473497959090e+00
1.000000000000000000e+01,2.000000000000000000e+00,4.000000000000000222e-01,1.000000000000000000e+02,4.888984732216803547e-02,1.552791920531360281e+00
1.000000000000000000e+01,2.000000000000000000e+00,5.000000000000000000e-01,1.000000000000000000e+02,3.039595590938651976e-02,1.580555354206812479e+00
1.000000000000000000e+01,2.000000000000000000e+00,5.999999999999999778e-01,1.000000000000000000e+02,3.889225148613355970e-02,1.691018341000085190e+00
1.000000000000000000e+01,2.000000000000000000e+00,6.999999999999999556e-01,1.000000000000000000e+02,3.713259879478635755e-02,1.774893159058601455e+00
1.000000000000000000e+01,3.500000000000000000e+00,1.000000000000000056e-01,1.000000000000000000e+02,5.376694501760494876e-02,1.983252148421244643e+00
1.000000000000000000e+01,3.500000000000000000e+00,2.000000000000000111e-01,1.000000000000000000e+02,2.966188761536632176e-02,1.941203104282178904e+00
1.000000000000000000e+01,3.500000000000000000e+00,2.999999999999999889e-01,1.000000000000000000e+02,4.371013410522270326e-02,1.996785891533173762e+00
1.000000000000000000e+01,3.500000000000000000e+00,4.000000000000000222e-01,1.000000000000000000e+02,2.484137536901263182e-02,1.860198376021862554e+00
1.000000000000000000e+01,3.500000000000000000e+00,5.000000000000000000e-01,1.000000000000000000e+02,5.833842733651343343e-02,1.939145970460349311e+00
1.000000000000000000e+01,3.500000000000000000e+00,5.999999999999999778e-01,1.000000000000000000e+02,4.235888742245622757e-02,1.907004271699438869e+00
1.000000000000000000e+01,3.500000000000000000e+00,6.999999999999999556e-01,1.000000000000000000e+02,4.412698936021036689e-02,1.909884278538049207e+00
1.000000000000000000e+01,3.000000000000000000e+00,1.000000000000000056e-01,1.000000000000000000e+02,7.631655514551721753e-02,1.936063923731739633e+00
1.000000000000000000e+01,3.000000000000000000e+00,2.000000000000000111e-01,1.000000000000000000e+02,1.473857145733834320e-02,1.998579682715047268e+00
1.000000000000000000e+01,3.000000000000000000e+00,2.999999999999999889e-01,1.000000000000000000e+02,4.078725205181610997e-02,1.995626548763232533e+00
1.000000000000000000e+01,3.000000000000000000e+00,4.000000000000000222e-01,1.000000000000000000e+02,7.423781546418917188e-02,1.991781744999543191e+00
1.000000000000000000e+01,3.000000000000000000e+00,5.000000000000000000e-01,1.000000000000000000e+02,3.944329076988405125e-02,1.950976836263755176e+00
1.000000000000000000e+01,3.000000000000000000e+00,5.999999999999999778e-01,1.000000000000000000e+02,5.207248872661664890e-02,1.980210545051471538e+00
1.000000000000000000e+01,3.000000000000000000e+00,6.999999999999999556e-01,1.000000000000000000e+02,4.946437374269789522e-02,1.904445231083071066e+00
1.000000000000000000e+01,4.500000000000000000e+00,1.000000000000000056e-01,1.000000000000000000e+02,5.119705711863264258e-02,1.978371595295912888e+00
1.000000000000000000e+01,4.500000000000000000e+00,2.000000000000000111e-01,1.000000000000000000e+02,2.765273745695678853e-02,1.980415889301118559e+00
1.000000000000000000e+01,4.500000000000000000e+00,2.999999999999999889e-01,1.000000000000000000e+02,8.026020042849447977e-02,1.961951311422714950e+00
1.000000000000000000e+01,4.500000000000000000e+00,4.000000000000000222e-01,1.000000000000000000e+02,6.931714283407754140e-02,1.959214984423622408e+00
1.000000000000000000e+01,4.500000000000000000e+00,5.000000000000000000e-01,1.000000000000000000e+02,7.322590715798132921e-02,1.956907503755527244e+00
1.000000000000000000e+01,4.500000000000000000e+00,5.999999999999999778e-01,1.000000000000000000e+02,5.541572494026150014e-02,1.936190625563712242e+00
1.000000000000000000e+01,4.500000000000000000e+00,6.999999999999999556e-01,1.000000000000000000e+02,4.578991300788428503e-02,1.987054083792913817e+00
1.000000000000000000e+01,4.000000000000000000e+00,1.000000000000000056e-01,1.000000000000000000e+02,2.679763474836297649e-02,1.982780985350751202e+00
1.000000000000000000e+01,4.000000000000000000e+00,2.000000000000000111e-01,1.000000000000000000e+02,3.842706938450578952e-02,1.980793207953939650e+00
1.000000000000000000e+01,4.000000000000000000e+00,2.999999999999999889e-01,1.000000000000000000e+02,2.631715844498474371e-02,1.995255340460396098e+00
1.000000000000000000e+01,4.000000000000000000e+00,4.000000000000000222e-01,1.000000000000000000e+02,9.843891410535413056e-02,1.972171554309768871e+00
1.000000000000000000e+01,4.000000000000000000e+00,5.000000000000000000e-01,1.000000000000000000e+02,4.511843794677217884e-02,1.945131044415364663e+00
1.000000000000000000e+01,4.000000000000000000e+00,5.999999999999999778e-01,1.000000000000000000e+02,4.217870663558487276e-02,1.943100472615849172e+00
1.000000000000000000e+01,4.000000000000000000e+00,6.999999999999999556e-01,1.000000000000000000e+02,5.750232908999655668e-02,1.981406171720096587e+00
1.000000000000000000e+01,5.000000000000000000e+00,1.000000000000000056e-01,1.000000000000000000e+02,3.243653833796393549e-02,1.961984937229279691e+00
1.000000000000000000e+01,5.000000000000000000e+00,2.000000000000000111e-01,1.000000000000000000e+02,2.078776464792745846e-02,1.989706422879207182e+00
1.000000000000000000e+01,5.000000000000000000e+00,2.999999999999999889e-01,1.000000000000000000e+02,2.606448709885200721e-02,1.972466454036809091e+00
1.000000000000000000e+01,5.000000000000000000e+00,4.000000000000000222e-01,1.000000000000000000e+02,3.436779093403499741e-02,1.929978300569910266e+00
1.000000000000000000e+01,5.000000000000000000e+00,5.000000000000000000e-01,1.000000000000000000e+02,6.960625271989791252e-02,1.990844395850535520e+00
1.000000000000000000e+01,5.000000000000000000e+00,5.999999999999999778e-01,1.000000000000000000e+02,1.332447426981647476e-01,1.936295053735996863e+00
1.000000000000000000e+01,5.000000000000000000e+00,6.999999999999999556e-01,1.000000000000000000e+02,7.705629404965001761e-02,1.956416112255042750e+00
8.000000000000000000e+00,0.000000000000000000e+00,1.000000000000000056e-01,6.400000000000000000e+01,nan,nan
8.000000000000000000e+00,0.000000000000000000e+00,2.000000000000000111e-01,6.400000000000000000e+01,nan,nan
8.000000000000000000e+00,0.000000000000000000e+00,2.999999999999999889e-01,6.400000000000000000e+01,nan,nan
8.000000000000000000e+00,0.000000000000000000e+00,4.000000000000000222e-01,6.400000000000000000e+01,nan,nan
8.000000000000000000e+00,0.000000000000000000e+00,5.000000000000000000e-01,6.400000000000000000e+01,nan,nan
8.000000000000000000e+00,0.000000000000000000e+00,5.999999999999999778e-01,6.400000000000000000e+01,nan,nan
8.000000000000000000e+00,0.000000000000000000e+00,6.999999999999999556e-01,6.400000000000000000e+01,nan,nan
8.000000000000000000e+00,2.000000000000000000e+00,1.000000000000000056e-01,6.400000000000000000e+01,2.748300298838088004e-02,1.981458691425975305e+00
8.000000000000000000e+00,2.000000000000000000e+00,2.000000000000000111e-01,6.400000000000000000e+01,4.174652515708200153e-03,1.997697211740345091e+00
8.000000000000000000e+00,2.000000000000000000e+00,2.999999999999999889e-01,6.400000000000000000e+01,8.302699328604019879e-02,1.990590534689151703e+00
8.000000000000000000e+00,2.000000000000000000e+00,4.000000000000000222e-01,6.400000000000000000e+01,6.423846145836319133e-02,1.751624800722374253e+00
8.000000000000000000e+00,2.000000000000000000e+00,5.000000000000000000e-01,6.400000000000000000e+01,3.622423626348153514e-02,1.550715059423923847e+00
8.000000000000000000e+00,2.000000000000000000e+00,5.999999999999999778e-01,6.400000000000000000e+01,3.227225894811630580e-02,1.242823925248452310e+00
8.000000000000000000e+00,2.000000000000000000e+00,6.999999999999999556e-01,6.400000000000000000e+01,2.203662681385227043e-02,1.422125284183366478e+00
8.000000000000000000e+00,3.500000000000000000e+00,1.000000000000000056e-01,6.400000000000000000e+01,4.284719750472035238e-02,1.945944718094304138e+00
8.000000000000000000e+00,3.500000000000000000e+00,2.000000000000000111e-01,6.400000000000000000e+01,6.139036886361779605e-02,1.984007854315306574e+00
8.000000000000000000e+00,3.500000000000000000e+00,2.999999999999999889e-01,6.400000000000000000e+01,2.320921327578203200e-02,1.993513708652101091e+00
8.000000000000000000e+00,3.500000000000000000e+00,4.000000000000000222e-01,6.400000000000000000e+01,8.949788235559716365e-02,1.905485239209281145e+00
8.000000000000000000e+00,3.500000000000000000e+00,5.000000000000000000e-01,6.400000000000000000e+01,6.753054387635404332e-02,1.966230775344786297e+00
8.000000000000000000e+00,3.500000000000000000e+00,5.999999999999999778e-01,6.400000000000000000e+01,4.153198372856869297e-02,1.813442142552602165e+00
8.000000000000000000e+00,3.500000000000000000e+00,6.999999999999999556e-01,6.400000000000000000e+01,2.841460342101129882e-02,1.861125247581083997e+00
8.000000000000000000e+00,3.000000000000000000e+00,1.000000000000000056e-01,6.400000000000000000e+01,4.394971741281476080e-02,1.974765045696730947e+00
8.000000000000000000e+00,3.000000000000000000e+00,2.000000000000000111e-01,6.400000000000000000e+01,1.293897792538977187e-01,1.886539703087166009e+00
8.000000000000000000e+00,3.000000000000000000e+00,2.999999999999999889e-01,6.400000000000000000e+01,3.411946750381875115e-02,1.998359766571462748e+00
8.000000000000000000e+00,3.000000000000000000e+00,4.000000000000000222e-01,6.400000000000000000e+01,5.050316262853306315e-02,1.878752648700385386e+00
8.000000000000000000e+00,3.000000000000000000e+00,5.000000000000000000e-01,6.400000000000000000e+01,5.706650100651603635e-02,1.971600005540431910e+00
8.000000000000000000e+00,3.000000000000000000e+00,5.999999999999999778e-01,6.400000000000000000e+01,4.854916008807899641e-02,1.654833161435584010e+00
8.000000000000000000e+00,3.000000000000000000e+00,6.999999999999999556e-01,6.400000000000000000e+01,4.423609988817955169e-02,1.900709551564063959e+00
8.000000000000000000e+00,4.500000000000000000e+00,1.000000000000000056e-01,6.400000000000000000e+01,4.341399180322780271e-02,1.980526387175120417e+00
8.000000000000000000e+00,4.500000000000000000e+00,2.000000000000000111e-01,6.400000000000000000e+01,4.844953088089825471e-02,1.976332768868724665e+00
8.000000000000000000e+00,4.500000000000000000e+00,2.999999999999999889e-01,6.400000000000000000e+01,3.100177594210553819e-02,1.963919752228899362e+00
8.000000000000000000e+00,4.500000000000000000e+00,4.000000000000000222e-01,6.400000000000000000e+01,1.030099993069745479e-01,1.957482212905030439e+00
8.000000000000000000e+00,4.500000000000000000e+00,5.000000000000000000e-01,6.400000000000000000e+01,1.733295438457581883e-01,1.902127570543446611e+00
8.000000000000000000e+00,4.500000000000000000e+00,5.999999999999999778e-01,6.400000000000000000e+01,5.963089118804694444e-02,1.966550620231394042e+00
8.000000000000000000e+00,4.500000000000000000e+00,6.999999999999999556e-01,6.400000000000000000e+01,4.842644832925289272e-02,1.963254180767805002e+00
8.000000000000000000e+00,4.000000000000000000e+00,1.000000000000000056e-01,6.400000000000000000e+01,5.194365852428627778e-02,1.963906351910438053e+00
8.000000000000000000e+00,4.000000000000000000e+00,2.000000000000000111e-01,6.400000000000000000e+01,7.018361941320516717e-02,1.953627823773611771e+00
8.000000000000000000e+00,4.000000000000000000e+00,2.999999999999999889e-01,6.400000000000000000e+01,2.959807212670588147e-02,1.989277728513138666e+00
8.000000000000000000e+00,4.000000000000000000e+00,4.000000000000000222e-01,6.400000000000000000e+01,2.630234424160436957e-01,1.796869802928945381e+00
8.000000000000000000e+00,4.000000000000000000e+00,5.000000000000000000e-01,6.400000000000000000e+01,5.038297599236196689e-02,1.979169072318326839e+00
8.000000000000000000e+00,4.000000000000000000e+00,5.999999999999999778e-01,6.400000000000000000e+01,5.723162527974752500e-02,1.975980485180701463e+00
8.000000000000000000e+00,4.000000000000000000e+00,6.999999999999999556e-01,6.400000000000000000e+01,4.384798511827095457e-02,1.996223552404639001e+00
8.000000000000000000e+00,5.000000000000000000e+00,1.000000000000000056e-01,6.400000000000000000e+01,3.261188080529545119e-02,1.990068374092393899e+00
8.000000000000000000e+00,5.000000000000000000e+00,2.000000000000000111e-01,6.400000000000000000e+01,4.379897678373152053e-02,1.970810874122853162e+00
8.000000000000000000e+00,5.000000000000000000e+00,2.999999999999999889e-01,6.400000000000000000e+01,2.668686828238303610e-02,1.996344398113670815e+00
8.000000000000000000e+00,5.000000000000000000e+00,4.000000000000000222e-01,6.400000000000000000e+01,7.950273226305029639e-02,1.975499224488045380e+00
8.000000000000000000e+00,5.000000000000000000e+00,5.000000000000000000e-01,6.400000000000000000e+01,2.223138065631020677e-01,1.860774328063799388e+00
8.000000000000000000e+00,5.000000000000000000e+00,5.999999999999999778e-01,6.400000000000000000e+01,1.054194096415962817e-01,1.986031126854717277e+00
8.000000000000000000e+00,5.000000000000000000e+00,6.999999999999999556e-01,6.400000000000000000e+01,6.422899780315390050e-02,1.971384760067165898e+00
1.200000000000000000e+01,0.000000000000000000e+00,1.000000000000000056e-01,1.440000000000000000e+02,nan,nan
1.200000000000000000e+01,0.000000000000000000e+00,2.000000000000000111e-01,1.440000000000000000e+02,nan,nan
1.200000000000000000e+01,0.000000000000000000e+00,2.999999999999999889e-01,1.440000000000000000e+02,nan,nan
1.200000000000000000e+01,0.000000000000000000e+00,4.000000000000000222e-01,1.440000000000000000e+02,nan,nan
1.200000000000000000e+01,0.000000000000000000e+00,5.000000000000000000e-01,1.440000000000000000e+02,nan,nan
1.200000000000000000e+01,0.000000000000000000e+00,5.999999999999999778e-01,1.440000000000000000e+02,nan,nan
1.200000000000000000e+01,0.000000000000000000e+00,6.999999999999999556e-01,1.440000000000000000e+02,nan,nan
1.200000000000000000e+01,2.000000000000000000e+00,1.000000000000000056e-01,1.440000000000000000e+02,1.061963237477610636e-02,1.985260526863055208e+00
1.200000000000000000e+01,2.000000000000000000e+00,2.000000000000000111e-01,1.440000000000000000e+02,8.072914168834505882e-03,1.999906379732805828e+00
1.200000000000000000e+01,2.000000000000000000e+00,2.999999999999999889e-01,1.440000000000000000e+02,1.605255597686292002e-01,1.998976842359071915e+00
1.200000000000000000e+01,2.000000000000000000e+00,4.000000000000000222e-01,1.440000000000000000e+02,4.432939958914598050e-02,1.742461824522484548e+00
1.200000000000000000e+01,2.000000000000000000e+00,5.000000000000000000e-01,1.440000000000000000e+02,4.905141114245512718e-02,1.975956691059594039e+00
1.200000000000000000e+01,2.000000000000000000e+00,5.999999999999999778e-01,1.440000000000000000e+02,3.657585015823079655e-02,1.541549739645209138e+00
1.200000000000000000e+01,2.000000000000000000e+00,6.999999999999999556e-01,1.440000000000000000e+02,3.591309414889171797e-02,1.884954113444020418e+00
1.200000000000000000e+01,3.500000000000000000e+00,1.000000000000000056e-01,1.440000000000000000e+02,3.801700256712163550e-02,1.983512650721114046e+00
1.200000000000000000e+01,3.500000000000000000e+00,2.000000000000000111e-01,1.440000000000000000e+02,6.617985603234409486e-02,1.963893122444541062e+00
1.200000000000000000e+01,3.500000000000000000e+00,2.999999999999999889e-01,1.440000000000000000e+02,5.167027894138614963e-02,1.990981385967238504e+00
1.200000000000000000e+01,3.500000000000000000e+00,4.000000000000000222e-01,1.440000000000000000e+02,4.596988523942336508e-02,1.973973899408774102e+00
1.200000000000000000e+01,3.500000000000000000e+00,5.000000000000000000e-01,1.440000000000000000e+02,7.041019608815134168e-02,1.927438378790499618e+00
1.200000000000000000e+01,3.500000000000000000e+00,5.999999999999999778e-01,1.440000000000000000e+02,5.170511772221073749e-02,1.965553524661452611e+00
1.200000000000000000e+01,3.500000000000000000e+00,6.999999999999999556e-01,1.440000000000000000e+02,4.804559582743164747e-02,1.921165639004722481e+00
1.200000000000000000e+01,3.000000000000000000e+00,1.000000000000000056e-01,1.440000000000000000e+02,2.768498859078429020e-02,1.984615823067173102e+00
1.200000000000000000e+01,3.000000000000000000e+00,2.000000000000000111e-01,1.440000000000000000e+02,1.261837547469730515e-02,1.991125798614788556e+00
1.200000000000000000e+01,3.000000000000000000e+00,2.999999999999999889e-01,1.440000000000000000e+02,3.594013187399638237e-02,1.987869833186221458e+00
1.200000000000000000e+01,3.000000000000000000e+00,4.000000000000000222e-01,1.440000000000000000e+02,6.855007624791185916e-02,1.924059529515983025e+00
1.200000000000000000e+01,3.000000000000000000e+00,5.000000000000000000e-01,1.440000000000000000e+02,4.144960356360062603e-02,1.861814435129349521e+00
1.200000000000000000e+01,3.000000000000000000e+00,5.999999999999999778e-01,1.440000000000000000e+02,4.770337410788604016e-02,1.957313303601568633e+00
1.200000000000000000e+01,3.000000000000000000e+00,6.999999999999999556e-01,1.440000000000000000e+02,5.193887832548427924e-02,1.876234580515106165e+00
1.200000000000000000e+01,4.500000000000000000e+00,1.000000000000000056e-01,1.440000000000000000e+02,2.328366494905250578e-02,1.978959300799370435e+00
1.200000000000000000e+01,4.500000000000000000e+00,2.000000000000000111e-01,1.440000000000000000e+02,2.839561263903474242e-02,1.988759178424283958e+00
1.200000000000000000e+01,4.500000000000000000e+00,2.999999999999999889e-01,1.440000000000000000e+02,6.805846727209220737e-02,1.951268982331224366e+00
1.200000000000000000e+01,4.500000000000000000e+00,4.000000000000000222e-01,1.440000000000000000e+02,4.977432459204091802e-02,1.948294162733464896e+00
1.200000000000000000e+01,4.500000000000000000e+00,5.000000000000000000e-01,1.440000000000000000e+02,1.205469444436206850e-01,1.944242485210981863e+00
1.200000000000000000e+01,4.500000000000000000e+00,5.999999999999999778e-01,1.440000000000000000e+02,1.662967160879034456e-01,1.893644010703248615e+00
1.200000000000000000e+01,4.500000000000000000e+00,6.999999999999999556e-01,1.440000000000000000e+02,6.474638227920852251e-02,1.980919380100897076e+00
1.200000000000000000e+01,4.000000000000000000e+00,1.000000000000000056e-01,1.440000000000000000e+02,2.854856429098299314e-02,1.969726663781302012e+00
1.200000000000000000e+01,4.000000000000000000e+00,2.000000000000000111e-01,1.440000000000000000e+02,4.616042413666379685e-02,1.956956353473178645e+00
1.200000000000000000e+01,4.000000000000000000e+00,2.999999999999999889e-01,1.440000000000000000e+02,3.029806419554911465e-02,1.986833095830399243e+00
1.200000000000000000e+01,4.000000000000000000e+00,4.000000000000000222e-01,1.440000000000000000e+02,2.766050882078424297e-02,1.999150295108732101e+00
1.200000000000000000e+01,4.000000000000000000e+00,5.000000000000000000e-01,1.440000000000000000e+02,1.033908023986882946e-01,1.950002282327584213e+00
1.200000000000000000e+01,4.000000000000000000e+00,5.999999999999999778e-01,1.440000000000000000e+02,5.112869430725062309e-02,1.977229050928010823e+00
1.200000000000000000e+01,4.000000000000000000e+00,6.999999999999999556e-01,1.440000000000000000e+02,6.000240372873349298e-02,1.968154412544267151e+00
1.200000000000000000e+01,5.000000000000000000e+00,1.000000000000000056e-01,1.440000000000000000e+02,3.985061045008866931e-02,1.973963625666058874e+00
1.200000000000000000e+01,5.000000000000000000e+00,2.000000000000000111e-01,1.440000000000000000e+02,6.575560648368457273e-02,1.967270414782951837e+00
1.200000000000000000e+01,5.000000000000000000e+00,2.999999999999999889e-01,1.440000000000000000e+02,3.285601269042600497e-02,1.983784430195584036e+00
1.200000000000000000e+01,5.000000000000000000e+00,4.000000000000000222e-01,1.440000000000000000e+02,8.540433306207034780e-02,1.934388348804241708e+00
1.200000000000000000e+01,5.000000000000000000e+00,5.000000000000000000e-01,1.440000000000000000e+02,3.147067757117666398e-02,1.980697590973027555e+00
1.200000000000000000e+01,5.000000000000000000e+00,5.999999999999999778e-01,1.440000000000000000e+02,1.144975116082843358e-01,1.954585399613774088e+00
1.200000000000000000e+01,5.000000000000000000e+00,6.999999999999999556e-01,1.440000000000000000e+02,6.097876749001670399e-02,1.971894014640102277e+00
