U,nup,delta,Spipi,M,chi_son,chi_sext,chi_d,chi_dxy,n,Mdelta,M0,dM,dMdelta
0.0,4,0.0,0.0555555555555555,0.2357022603955159,5.304645611658998e-15,-2.7897684162780943e-14,-1.9433343823038742e-14,1.664446358518035e-13,0.2222222222222222,0.0,0.2357022603955159,0.0,0.0
0.0,4,0.1,0.0555555555555555,0.2357022603955159,-4.9107384825219936e-14,-1.3786305430585346e-13,9.547918011776346e-14,-2.681233013390738e-13,0.2222222222222222,0.0235702260395515,0.2357022603955159,0.0,0.0
0.0,4,0.2,0.0555555555555555,0.2357022603955158,6.554756737386924e-14,-2.442046564965494e-13,1.958611051122717e-13,-1.1432632618380012e-13,0.2222222222222222,0.0471404520791031,0.2357022603955158,0.0,0.0
0.0,4,0.3,0.0555555555555555,0.2357022603955158,7.0632388826652464e-15,-9.447553850350233e-14,-1.8809842572409257e-13,2.495781359357352e-13,0.2222222222222222,0.0707106781186547,0.2357022603955158,0.0,0.0
0.0,4,0.4,0.0555555555555555,0.2357022603955158,1.1240119945910014e-13,-3.281996896475903e-13,6.533440455314124e-14,-2.953903788238678e-13,0.2222222222222222,0.0942809041582063,0.2357022603955158,0.0,0.0
0.0,6,0.0,0.0833333333333333,0.2886751345948129,-3.728573005901126e-14,6.974865129905086e-14,-9.952927371159602e-14,-6.44639897018351e-14,0.3333333333333333,0.0,0.2886751345948129,0.0,0.0
0.0,6,0.1,0.0832356223429212,0.2885058445559141,2.505329277369128e-14,4.6593839897468564e-14,2.7977620220553945e-14,1.4761525335416082e-14,0.3333333333333333,0.0288505844555914,0.2885058445559141,0.0,0.0
0.0,6,0.2,0.0832386443340907,0.2885110818219826,1.0957901253050295e-14,-8.322231792590175e-14,-7.860379014346108e-14,7.0752292913312e-14,0.3333333333333333,0.0577022163643965,0.2885110818219826,0.0,0.0
0.0,6,0.3,0.0832781831048889,0.2885795957875209,2.400302179239589e-15,-3.518074720432196e-14,3.329247988403949e-13,5.5520033015454845e-14,0.3333333333333333,0.0865738787362562,0.2885795957875209,0.0,0.0
0.0,6,0.4,0.0829880887127909,0.2880765327352975,2.440936341940869e-14,-3.5704772471945043e-14,-2.8544278052322624e-13,3.7445602174557296e-14,0.3333333333333333,0.115230613094119,0.2880765327352975,0.0,0.0
0.0,8,0.0,0.111111111111111,0.3333333333333332,1.5885071036336738e-14,3.1299407510232415e-14,-8.251177519014165e-14,1.3615775174002921e-14,0.4444444444444444,0.0,0.3333333333333332,0.0,0.0
0.0,8,0.1,0.1103293041547602,0.3321585527346244,-1.4712675522332582e-14,-4.4924064468432345e-14,-6.554756737386924e-15,-6.8123284790999605e-15,0.4444444444444444,0.0332158552734624,0.3321585527346244,0.0,0.0
0.0,8,0.2,0.1086212300875211,0.3295773506895175,-2.0572432646304155e-14,6.9011463210699735e-15,-5.4800608495497736e-14,-2.0872192862952948e-15,0.4444444444444444,0.0659154701379035,0.3295773506895175,0.0,0.0
0.0,8,0.3,0.1060394893952342,0.3256370516314664,2.8865798640254065e-17,3.1095126473701395e-14,3.017497363089206e-13,-1.0489387136658476e-14,0.4444444444444444,0.0976911154894399,0.3256370516314664,0.0,0.0
0.0,8,0.4,0.1011188947270577,0.3179919727399699,2.9727331707363197e-14,2.3492319201068312e-14,-2.927968978383433e-13,-1.91171523056255e-13,0.4444444444444444,0.1271967890959879,0.3179919727399699,0.0,0.0
0.0,10,0.0,0.1388888888888888,0.3726779962499648,-5.5000448639930254e-15,1.9872992140790302e-14,5.2384763193913383e-14,-1.4308554341369017e-14,0.5555555555555556,0.0,0.3726779962499648,0.0,0.0
0.0,10,0.1,0.1376663950013582,0.3710342234907155,-7.416289804496045e-15,4.8094861426761805e-15,4.9737991503207e-15,2.247091401841317e-15,0.5555555555555556,0.0371034223490715,0.3710342234907155,0.0,0.0
0.0,10,0.2,0.1343017329255861,0.3664720083793387,-1.070477040343576e-14,-3.468336728928989e-15,2.646771690706378e-15,1.7497114868092466e-14,0.5555555555555556,0.0732944016758677,0.3664720083793387,0.0,0.0
0.0,10,0.3,0.1295333795333794,0.3599074596800952,5.890843368661081e-15,-6.6524563635539366e-15,1.0878409284487137e-13,3.6113334545007095e-14,0.5555555555555556,0.1079722379040285,0.3599074596800952,0.0,0.0
0.0,10,0.4,0.1241830065359477,0.3523960932472829,1.8451906669270103e-15,3.774758283725532e-15,-1.6048495865561565e-13,1.000799443318101e-13,0.5555555555555556,0.1409584372989131,0.3523960932472829,0.0,0.0
0.0,12,0.0,0.1666666666666667,0.4082482904638631,-5.397904345727511e-15,1.9245716131877088e-14,5.1709747594941296e-14,-1.744382416291046e-14,0.6666666666666666,0.0,0.4082482904638631,0.0,0.0
0.0,12,0.1,0.1654441727791359,0.4067482916732852,-1.2116974090758962e-14,1.343924971308752e-14,4.671818487622657e-15,3.277378368693462e-15,0.6666666666666666,0.0406748291673285,0.4067482916732852,0.0,0.0
0.0,12,0.2,0.1620795107033637,0.4025909967986911,1.5629719740672957e-14,6.845635169838716e-15,1.072031352578051e-14,6.616929226765933e-15,0.6666666666666666,0.0805181993597382,0.4025909967986911,0.0,0.0
0.0,12,0.3,0.1573111573111572,0.3966247058759164,1.774802527165775e-14,-2.0861090632706702e-15,-1.2434497875801836e-16,3.882227872509247e-14,0.6666666666666666,0.1189874117627749,0.3966247058759164,0.0,0.0
0.0,12,0.4,0.1519607843137256,0.3898214774915892,-1.2716494524056544e-14,-4.979350265443827e-15,1.174615960053416e-13,9.659828492658565e-14,0.6666666666666666,0.1559285909966357,0.3898214774915892,0.0,0.0
0.0,14,0.0,0.1805555555555554,0.4249182927993986,5.706546346573305e-16,4.7967185778929894e-15,4.3822723228004176e-14,-5.639932965095794e-15,0.7777777777777778,0.0,0.4249182927993986,0.0,0.0
0.0,14,0.1,0.179333061668025,0.4234773449288935,5.941913627793838e-15,7.427392034742299e-16,2.584599201327365e-15,4.067857162226574e-15,0.7777777777777778,0.0423477344928893,0.4234773449288935,0.0,0.0
0.0,14,0.2,0.1759683995922528,0.4194858753191253,1.294520046712933e-15,2.8760327452914677e-15,-2.4602542225693468e-14,3.6344260934129126e-14,0.7777777777777778,0.083897175063825,0.4194858753191253,0.0,0.0
0.0,14,0.3,0.1816046127109033,0.4261509271501159,1.5898393712632244e-15,-1.9195756095768956e-15,2.0294876890147863e-14,4.7961634663806766e-15,0.7777777777777778,0.1278452781450347,0.4261509271501159,0.0,0.0
0.0,14,0.4,0.1761266193424905,0.4196744206435395,-1.652455949852083e-14,8.796297024105116e-15,-1.2656542480726785e-13,4.0589753780295726e-15,0.7777777777777778,0.1678697682574158,0.4196744206435395,0.0,0.0
0.0,16,0.0,0.1855216391784418,0.430722229724032,1.2226886170196852e-14,3.502476086936213e-15,5.1025850211772196e-15,2.065903004222491e-14,0.8888888888888888,0.0,0.430722229724032,0.0,0.0
0.0,16,0.1,0.179333061668025,0.4234773449288935,-1.9562129693895255e-15,-3.955724636739433e-15,-2.293720768875573e-14,-2.4567015088905474e-14,0.8888888888888888,0.0423477344928893,0.4234773449288935,0.0,0.0
0.0,16,0.2,0.1766731594374205,0.4203250640128667,2.4713564528155986e-15,-4.146682996974961e-15,-8.522071937022704e-15,-8.260059303211167e-16,0.8888888888888888,0.0840650128025733,0.4203250640128667,0.0,0.0
0.0,16,0.3,0.1899644169052622,0.4358490758338971,3.339550858072471e-15,-1.535715998812748e-15,3.694822225952521e-15,2.9665159217984178e-15,0.8888888888888888,0.1307547227501691,0.4358490758338971,0.0,0.0
0.0,16,0.4,0.1658496732026142,0.40724645265811,7.01882996168024e-15,1.0260958749341851e-14,-4.5217163346933385e-14,2.8270719099054988e-14,0.8888888888888888,0.162898581063244,0.40724645265811,0.0,0.0
0.0,18,0.0,0.1959756186118403,0.4426913355960791,-2.049471703458039e-15,8.842926391139374e-16,-5.1958437552457315e-15,-1.776356839400251e-15,1.0,0.0,0.4426913355960791,0.0,0.0
0.0,18,0.1,0.1921294143090586,0.438325694329067,-6.772360450213454e-17,-4.5197179332490116e-15,2.1955770534987104e-14,7.269740365245524e-15,1.0,0.0438325694329067,0.438325694329067,0.0,0.0
0.0,18,0.2,0.1839852487657081,0.4289350169497801,-5.159206395433103e-15,-1.128819260287628e-15,-5.8553162318730766e-15,-1.034283769740796e-14,1.0,0.085787003389956,0.4289350169497801,0.0,0.0
0.0,18,0.3,0.179145096697037,0.4232553563713483,6.556977183436175e-15,1.2020939799128885e-15,3.3972824553529796e-15,7.684963776455333e-15,1.0,0.1269766069114045,0.4232553563713483,0.0,0.0
0.0,18,0.4,0.1658496732026142,0.40724645265811,-4.616307336391401e-15,3.666233983068423e-15,-1.1963763313360686e-14,-3.0053737276602988e-15,1.0,0.162898581063244,0.40724645265811,0.0,0.0
2.0,4,0.0,0.0563147971210761,0.2373073882055665,-25.13480597348573,-52.49732514944454,-0.3207350676002375,0.8665070307466346,0.2222222222222222,0.0,0.2357022603955159,0.001605127810050594,0.0
2.0,4,0.1,0.0562414857708781,0.2371528676836281,-25.524852899945575,-52.950034464285686,-0.1628805382784514,0.2704521453485805,0.2222222222222222,0.0237152867683628,0.2357022603955159,0.0014506072881121934,0.00014506072881121935
2.0,4,0.2,0.0561911400441286,0.2370466422690882,-26.279498982965773,-50.82150114930713,-0.2844936841529344,-1.972737742414843,0.2222222222222222,0.0474093284538176,0.2357022603955158,0.0013443818735723867,0.00026887637471447736
2.0,4,0.3,0.056156314834959,0.2369732303360301,-28.02370612131043,-51.54060144444386,-0.3402594406663806,-6.2403805548825,0.2222222222222222,0.071091969100809,0.2357022603955158,0.0012709699405142882,0.00038129098215428645
2.0,4,0.4,0.0559722860366392,0.2365846218482231,-30.940287775453555,-55.43419908859523,-0.4188393702109927,-13.109171512745329,0.2222222222222222,0.0946338487392892,0.2357022603955158,0.0008823614527072865,0.00035294458108291464
2.0,6,0.0,0.0852566772841011,0.291987422781808,-16.434437244718385,-14.90886363921754,-0.1074606522915025,-0.2982261971138698,0.3333333333333333,0.0,0.2886751345948129,0.0033122881869950827,0.0
2.0,6,0.1,0.0850842863699775,0.2916920906703227,-16.752718850769025,-15.724746838376532,-0.158499553609869,1.669864951760761,0.3333333333333333,0.0291692090670322,0.2885058445559141,0.0031862461144085974,0.00031862461144085974
2.0,6,0.2,0.0851361926966714,0.2917808822117108,-17.4539226055069,-15.96666722001448,-0.0979356008158938,-1.26882250514198,0.3333333333333333,0.0583561764423421,0.2885110818219826,0.0032698003897281835,0.0006539600779456368
2.0,6,0.3,0.085562685307039,0.2925109944496105,-18.884863223122675,-17.686160836569975,-0.1195889943523803,-3.5582707009073453,0.3333333333333333,0.0877532983348831,0.2885795957875209,0.00393139866208958,0.0011794195986268741
2.0,6,0.4,0.0854848503542776,0.2923777213707256,-21.109910652684334,-20.90235797261199,-0.0821130072329023,-6.861648700162306,0.3333333333333333,0.1169510885482902,0.2880765327352975,0.00430118863542811,0.0017204754541712442
2.0,8,0.0,0.1152255197362285,0.3394476652185097,-12.06284286817784,-11.15572575549766,0.1868254914814242,1.2076657067488858,0.4444444444444444,0.0,0.3333333333333332,0.006114331885176516,0.0
2.0,8,0.1,0.1139922174930071,0.3376272464523988,-12.268507099157269,-11.404124479036165,0.1113015555231882,3.007798785617346,0.4444444444444444,0.0337627246452398,0.3321585527346244,0.005468693717774364,0.0005468693717774365
2.0,8,0.2,0.1127382426078304,0.3357649933444926,-12.667414330111754,-10.69337090475272,0.1800338315183412,0.4336780772994479,0.4444444444444444,0.0671529986688985,0.3295773506895175,0.006187642654975123,0.0012375285309950248
2.0,8,0.3,0.1101696536123767,0.331918101567178,-13.482371169530184,-10.719577592790694,0.2748473788492626,-1.5876757310660905,0.4444444444444444,0.0995754304701534,0.3256370516314664,0.006281049935711602,0.0018843149807134807
2.0,8,0.4,0.1049985461848074,0.324034542144245,-14.810040917836972,-10.939425409881308,0.1523096813133455,-3.351244715124483,0.4444444444444444,0.129613816857698,0.3179919727399699,0.006042569404275111,0.0024170277617100444
2.0,10,0.0,0.148350872501275,0.3851634280301381,-8.578055505432678,-5.642106501058472,1.595279713842985,0.3237799287278211,0.5555555555555556,0.0,0.3726779962499648,0.012485431780173306,0.0
2.0,10,0.1,0.1468091208397034,0.3831562482999913,-8.60640106264816,-5.292486466687624,0.0800903727509702,0.0125619754661494,0.5555555555555556,0.0383156248299991,0.3710342234907155,0.012122024809275767,0.0012122024809275767
2.0,10,0.2,0.1430927992195217,0.3782760729358441,-8.878462201976822,-4.637119206172118,3.047619160012985,-0.9155029133824676,0.5555555555555556,0.0756552145871688,0.3664720083793387,0.0118040645565054,0.00236081291130108
2.0,10,0.3,0.1370038280474762,0.3701396485442521,-9.39304868636842,-3.896967105331683,4.676928168228066,-2.929989396878387,0.5555555555555556,0.1110418945632756,0.3599074596800952,0.010232188864156888,0.0030696566592470663
2.0,10,0.4,0.1306240931273169,0.3614193468253603,-10.195028811944889,-3.129022684095728,-0.017045338258321,-6.7902688920275125,0.5555555555555556,0.1445677387301441,0.3523960932472829,0.009023253578077428,0.0036093014312309716
2.0,12,0.0,0.18656256181446,0.4319287983458873,-5.635760978938845,-1.312939879257578,0.8779790429080315,0.1252415187891772,0.6666666666666666,0.0,0.4082482904638631,0.02368050788202425,0.0
2.0,12,0.1,0.185339312996756,0.4305100254120965,-5.7309700524286455,-1.2418184345455312,1.3574838524128214,-0.2090807930855927,0.6666666666666666,0.0430510025412096,0.4067482916732852,0.023761733738811297,0.0023761733738811297
2.0,12,0.2,0.1798646216625025,0.4241039737653621,-5.99411637492758,-1.0654422547021156,3.746191972692368,-1.1941929637180972,0.6666666666666666,0.0848207947530724,0.4025909967986911,0.021512976966670982,0.004302595393334197
2.0,12,0.3,0.173705589214909,0.4167794099120764,-6.4417018585636185,-0.7973873913010756,0.5879569144457826,-3.3653949913096675,0.6666666666666666,0.1250338229736229,0.3966247058759164,0.020154704036159987,0.006046411210847996
2.0,12,0.4,0.166182900995775,0.4076536437543876,-7.302518216397876,-0.4418314182040983,2.1033684439751186,-6.819127994770643,0.6666666666666666,0.163061457501755,0.3898214774915892,0.017832166262798432,0.007132866505119373
2.0,14,0.0,0.2104241982005303,0.4587195104365109,-3.490468661659347,0.6756764094749049,0.2492692705261018,-0.0609179696871627,0.7777777777777778,0.0,0.4249182927993986,0.0338012176371123,0.0
2.0,14,0.1,0.2086715703823342,0.4568054913702122,-3.5735752266102474,0.681178717726155,0.2863599073865928,-0.3789417107203021,0.7777777777777778,0.0456805491370212,0.4234773449288935,0.03332814644131871,0.003332814644131871
2.0,14,0.2,0.2031962460977382,0.4507728213642133,-3.871144251056596,0.7106555027716382,0.24654511610903,-1.217748737068183,0.7777777777777778,0.0901545642728426,0.4194858753191253,0.03128694604508803,0.006257389209017606
2.0,14,0.3,0.2234163225810584,0.4726647648008451,-4.421298908419007,0.7826806343430709,1.4132759313819054,-2.7350257521048955,0.7777777777777778,0.1417994294402535,0.4261509271501159,0.04651383765072925,0.013954151295218774
2.0,14,0.4,0.2141595872921748,0.4627717671231282,-4.993879612402264,0.9311761433626964,1.2017360730055269,-3.0445500708224036,0.7777777777777778,0.1851087068492513,0.4196744206435395,0.04309734647958868,0.017238938591835475
2.0,16,0.0,0.2349376121921184,0.4846994296522873,-2.5375308800396175,0.6681625904899655,0.6029744721069613,0.5167931357330434,0.8888888888888888,0.0,0.430722229724032,0.05397719992825528,0.0
2.0,16,0.1,0.2124660816286299,0.4609369167070458,-2.5032761513728814,0.6611381872866408,0.4015109925315522,-2.2517081049182273,0.8888888888888888,0.0460936916707045,0.4234773449288935,0.03745957177815229,0.003745957177815229
2.0,16,0.2,0.2135921468910222,0.4621563768710072,-2.728577407039842,0.6788734936688071,0.3592662141738046,-2.4721566273642197,0.8888888888888888,0.0924312753742014,0.4203250640128667,0.04183131285814051,0.008366262571628104
2.0,16,0.3,0.2843495881508973,0.5332327903794508,-3.1206658913239984,0.7348107423186496,1.773490905024386,-1.0037654782978065,0.8888888888888888,0.1599698371138352,0.4358490758338971,0.09738371454555372,0.029215114363666115
2.0,16,0.4,0.1910970896589239,0.4371440592892725,-3.0580886153100946,0.7620659134051012,0.8541188575304709,-3.928197375551503,0.8888888888888888,0.174857623715709,0.40724645265811,0.029897606631162532,0.011959042652465014
2.0,18,0.0,0.2656529089163216,0.5154056775677385,-2.007281379415897,0.7276022454112815,0.5391256516875633,1.900849978470995,1.0,0.0,0.4426913355960791,0.07271434197165938,0.0
2.0,18,0.1,0.2507781711458524,0.5007686450630388,-1.8728965940801336,0.685866444075339,0.0948693468414923,1.1622783250475783,1.0,0.0500768645063038,0.438325694329067,0.06244295073397177,0.006244295073397178
2.0,18,0.2,0.2362213186628882,0.4860198438947851,-1.8210924776855144,0.660284886215855,0.1173075290509788,0.4277410102691582,1.0,0.097203968778957,0.4289350169497801,0.057084826945004996,0.011416965389001
2.0,18,0.3,0.2258628550691341,0.4752453834486461,-1.8326767089634164,0.6395111077788272,0.2999405308466887,-0.3215761798117301,1.0,0.1425736150345938,0.4232553563713483,0.051990027077297774,0.015597008123189331
2.0,18,0.4,0.1937961751427777,0.4402226450454205,-1.647197541690548,0.6163115390866705,0.0547774686846052,0.7377726338663049,1.0,0.1760890580181682,0.40724645265811,0.03297619238731053,0.013190476954924214
4.0,4,0.0,0.0559931749927786,0.2366286887996505,-29.031514542689223,-42.937535499490785,-1.5458761986230527,1.7213755148144785,0.2222222222222222,0.0,0.2357022603955159,0.0009264284041345938,0.0
4.0,4,0.1,0.0561043712888311,0.2368636036084998,-29.320507758874864,-43.57554942550778,-0.9804443189398316,0.702587877570629,0.2222222222222222,0.0236863603608499,0.2357022603955159,0.0011613432129839174,0.00011613432129839175
4.0,4,0.2,0.0559081098440621,0.2364488007625342,-30.36836037578593,-43.55522942090374,-1.306544946886907,-2.457088038390587,0.2222222222222222,0.0472897601525068,0.2357022603955158,0.0007465403670183779,0.0001493080734036756
4.0,4,0.3,0.0558954895150838,0.2364221029076822,-32.12556339836966,-43.43031135989733,-2.0262626057170476,-7.919694043634073,0.2222222222222222,0.0709266308723046,0.2357022603955158,0.000719842512166391,0.0002159527536499173
4.0,4,0.4,0.0556573515625606,0.2359175271931743,-34.84970291041568,-44.4747852519644,-1.909981226362548,-17.074044990904625,0.2222222222222222,0.0943670108772697,0.2357022603955158,0.00021526679765848655,8.610671906339462e-05
4.0,6,0.0,0.084550220806408,0.2907745280037689,-17.556746431208584,-13.85904073172396,-1.4615431769540084,0.1547481354768252,0.3333333333333333,0.0,0.2886751345948129,0.002099393408955985,0.0
4.0,6,0.1,0.0847525069584669,0.2911225686118459,-17.78659667860536,-14.011245073878811,-1.6417389312829769,0.6146962887701756,0.3333333333333333,0.0291122568611845,0.2885058445559141,0.002616724055931774,0.0002616724055931774
4.0,6,0.2,0.0847298199174386,0.2910837258619375,-18.4578103190857,-14.601151837355085,-1.1939145661636088,-1.2086389169729002,0.3333333333333333,0.0582167451723875,0.2885110818219826,0.0025726440399548856,0.0005145288079909772
4.0,6,0.3,0.0846540488533683,0.2909535087276484,-19.657128176662116,-16.012070678975842,-2.0378525660004754,-3.580191665685422,0.3333333333333333,0.0872860526182945,0.2885795957875209,0.0023739129401275094,0.0007121738820382528
4.0,6,0.4,0.0846698565773733,0.29097976652366,-21.18161841524327,-17.669028081353066,-1.7047973893277657,-7.872817325831123,0.3333333333333333,0.116391906609464,0.2880765327352975,0.0029032337883624915,0.0011612935153449966
4.0,8,0.0,0.1149572885853626,0.3390514652445251,-10.6874034373392,-7.797915574064635,-1.185994412790474,1.2063923349917935,0.4444444444444444,0.0,0.3333333333333332,0.005718131911191915,0.0
4.0,8,0.1,0.1138429874048396,0.3374047424211654,-10.763240413805624,-7.82158204792368,-1.3172919980086455,1.7758633471658771,0.4444444444444444,0.0337404742421165,0.3321585527346244,0.005246189686541003,0.0005246189686541003
4.0,8,0.2,0.112441488222277,0.3353226236200079,-11.200218607592854,-7.840958115293105,-0.9823678807832424,0.0420884515404078,0.4444444444444444,0.0670645247240015,0.3295773506895175,0.00574527293049043,0.0011490545860980861
4.0,8,0.3,0.1105693045327056,0.3325196271095056,-11.864773555142389,-7.817284763073133,-1.1766788728980082,-1.295765096672597,0.4444444444444444,0.0997558881328516,0.3256370516314664,0.006882575478039221,0.0020647726434117664
4.0,8,0.4,0.1050926657518601,0.3241786279223866,-12.705738186849318,-7.61195611750241,-1.2837788850770049,-3.603881736133821,0.4444444444444444,0.1296714511689546,0.3179919727399699,0.006186655182416734,0.0024746620729666938
4.0,10,0.0,0.1489584241340073,0.3859498776888633,-6.49058962271391,-3.1107529904152886,0.3141359316985898,0.6624751016968548,0.5555555555555556,0.0,0.3726779962499648,0.013271881438898514,0.0
4.0,10,0.1,0.1479681474550993,0.3846636517877548,-6.568646440875344,-3.058620119128786,-1.155088565198898,0.2780564935624108,0.5555555555555556,0.0384663651787754,0.3710342234907155,0.013629428297039281,0.0013629428297039282
4.0,10,0.2,0.1443299698268097,0.3799076284761062,-6.790661770424154,-2.9197350044503714,0.8760561202952183,-0.3409784843119738,0.5555555555555556,0.0759815256952212,0.3664720083793387,0.01343562009676752,0.002687124019353504
4.0,10,0.3,0.1403239797782552,0.3745918092664793,-7.074534317573808,-2.541399392713135,0.4356675124327813,-1.7520100037015671,0.5555555555555556,0.1123775427799437,0.3599074596800952,0.014684349586384093,0.004405304875915228
4.0,10,0.4,0.133534766149859,0.3654230178091673,-7.460029948069244,-2.2440452902617305,-0.5708295940544059,-4.068057324832008,0.5555555555555556,0.1461692071236669,0.3523960932472829,0.013026924561884423,0.005210769824753769
4.0,12,0.0,0.195021866602408,0.441601750613132,-4.05600114248345,-0.298004811332973,0.6897442548966407,0.0225319621329296,0.6666666666666666,0.0,0.4082482904638631,0.03335346014926893,0.0
4.0,12,0.1,0.1954958211162322,0.442147531026426,-4.08431735451484,-0.2265924548949123,0.8176894113086908,-0.2258379708519163,0.6666666666666666,0.0442147531026426,0.4067482916732852,0.03539923935314082,0.003539923935314082
4.0,12,0.2,0.1889698324307679,0.43470488193453,-4.184676819069574,-0.2008253502301105,1.3489796415741797,-0.938572629600722,0.6666666666666666,0.086940976386906,0.4025909967986911,0.032113885135838904,0.006422777027167781
4.0,12,0.3,0.1811532427043575,0.4256165103631437,-4.260562299169314,-0.12685242242427,0.3153344668426854,-2.3091062929759607,0.6666666666666666,0.1276849531089431,0.3966247058759164,0.02899180448722727,0.00869754134616818
4.0,12,0.4,0.1704497384951865,0.4128552254218685,-4.348122168852985,0.0425117501957378,0.7718658376592056,-4.056310556103765,0.6666666666666666,0.1651420901687474,0.3898214774915892,0.02303374793027929,0.009213499172111717
4.0,14,0.0,0.2310508815356252,0.4806758553949081,-2.57673745921322,0.9448931681786632,0.4270932029152331,-0.2875016957165097,0.7777777777777778,0.0,0.4249182927993986,0.05575756259550951,0.0
4.0,14,0.1,0.2325931489659808,0.4822713420939761,-2.581813935648543,0.9589227760574456,0.495546112699157,-0.4559751249548939,0.7777777777777778,0.0482271342093976,0.4234773449288935,0.0587939971650826,0.00587939971650826
4.0,14,0.2,0.2255318652491544,0.474897218954475,-2.578568966412772,0.9814748723308748,0.5057522238151038,-1.193671188121868,0.7777777777777778,0.094979443790895,0.4194858753191253,0.05541134363534972,0.011082268727069945
4.0,14,0.3,0.2481214833936601,0.4981122176282583,-2.559451078243526,1.0553844612752803,1.020994883287987,-2.0181050156938567,0.7777777777777778,0.1494336652884775,0.4261509271501159,0.07196129047814243,0.021588387143442727
4.0,14,0.4,0.2400671968899446,0.4899612159895534,-2.5673295586761293,1.08005792266573,0.9054428544102688,-1.9713370020895304,0.7777777777777778,0.1959844863958214,0.4196744206435395,0.0702867953460139,0.02811471813840556
4.0,16,0.0,0.2864493948830222,0.5352073520814947,-1.6776479576791143,1.1229136152495476,0.7869727007881858,-0.1837294857414583,0.8888888888888888,0.0,0.430722229724032,0.10448512235746271,0.0
4.0,16,0.1,0.2494354878427446,0.4994220442854879,-1.6835975388640227,1.1152607085806576,0.7472401993648191,-0.4050311848716228,0.8888888888888888,0.0499422044285488,0.4234773449288935,0.07594469935659443,0.007594469935659443
4.0,16,0.2,0.2537257620038249,0.5037117094931606,-1.6709894101738516,1.114001164066924,0.7460779067533725,-1.0284955858206866,0.8888888888888888,0.1007423418986321,0.4203250640128667,0.0833866454802939,0.01667732909605878
4.0,16,0.3,0.3514501774353337,0.5927569184415705,-1.662828820508022,1.1298035922394862,1.0802714767681725,-0.7106209491673301,0.8888888888888888,0.1778270755324711,0.4358490758338971,0.15690784260767343,0.04707235278230203
4.0,16,0.4,0.2228997614871431,0.4721133303371894,-1.6542012572474556,1.0796526308091337,0.7340648607797898,-0.4857895753411596,0.8888888888888888,0.1888453321348757,0.40724645265811,0.0648668776790794,0.02594675107163176
4.0,18,0.0,0.3631844743296146,0.6026274171648097,-1.1311300310329353,1.2843955650620695,0.8978031838029396,0.1738053886846911,1.0,0.0,0.4426913355960791,0.15993608156873063,0.0
4.0,18,0.1,0.3246892828368685,0.5697638506757853,-1.200464044665,1.221650486257922,0.5950857741547374,1.5158386773020749,1.0,0.0569763850675785,0.438325694329067,0.1314381563467183,0.01314381563467183
4.0,18,0.2,0.2997672834013724,0.5474613859694676,-1.213874723887552,1.161260385421939,0.4880887592909631,0.989384007314785,1.0,0.1094922771938935,0.4289350169497801,0.1185263690196875,0.0237052738039375
4.0,18,0.3,0.270260192528644,0.5198654262126453,-1.1978838666516791,1.101669534577974,0.4150271971535368,0.8985912838728723,1.0,0.1559596278637935,0.4232553563713483,0.096610069841297,0.028983020952389096
4.0,18,0.4,0.2274699483926752,0.4769279065955569,-1.17101972934014,1.0359873851120065,0.2795501070344906,1.3906476141069792,1.0,0.1907711626382227,0.40724645265811,0.0696814539374469,0.027872581574978763
6.0,4,0.0,0.0557104113581535,0.2360296257771847,-29.223623560423324,-37.903725302382554,-2.8297093403040123,2.470854098010415,0.2222222222222222,0.0,0.2357022603955159,0.0003273653816688038,0.0
6.0,4,0.1,0.0556028741746836,0.2358023581742716,-29.337792018085423,-36.473030110853344,-3.74439749433613,0.1261884881663136,0.2222222222222222,0.0235802358174271,0.2357022603955159,0.00010009777875569226,1.0009777875569227e-05
6.0,4,0.2,0.0556198341166269,0.2358384936913177,-30.36469585296939,-36.85979391579279,-4.139266940217419,-2.3437734432069757,0.2222222222222222,0.0471676987382635,0.2357022603955158,0.00013623329580189636,2.7246659160379274e-05
6.0,4,0.3,0.0555617321408317,0.2357142793251444,-31.85085944250851,-36.84269317364712,-3.5295025499999952,-8.96157110839598,0.2222222222222222,0.0707142837975433,0.2357022603955158,1.2018929628598851e-05,3.6056788885796553e-06
6.0,4,0.4,0.0553238022196869,0.2352094556000108,-33.66792168068421,-35.20396745858432,-4.928784056654913,-17.180793950413015,0.2222222222222222,0.0940837822400043,0.2357022603955158,-0.0004928047955050086,-0.00019712191820200344
6.0,6,0.0,0.0840131712747618,0.2898495348971905,-16.423074922776227,-11.472639209561407,-2.959101348052893,0.4023807751966489,0.3333333333333333,0.0,0.2886751345948129,0.0011744003023775873,0.0
6.0,6,0.1,0.0841394351654756,0.2900662442744888,-16.61169894559227,-12.193042975889602,-3.454955204906042,0.0709392379427017,0.3333333333333333,0.0290066244274488,0.2885058445559141,0.0015603997185746898,0.000156039971857469
6.0,6,0.2,0.0837929549082675,0.2894687679930851,-17.037189905255886,-12.044356487369866,-3.26203639240171,-0.875509297319723,0.3333333333333333,0.057893753598617,0.2885110818219826,0.0009576861711024787,0.00019153723422049573
6.0,6,0.3,0.0841443306871239,0.2900755143143835,-17.70418824001417,-12.211593901300446,-3.44762009412537,-3.4217335975198395,0.3333333333333333,0.087022654294315,0.2885795957875209,0.001495918526862594,0.0004487755580587782
6.0,6,0.4,0.083699148797325,0.2893063248338237,-18.50402562617047,-12.492120445945496,-5.203124907021721,-7.997921910332653,0.3333333333333333,0.1157225299335295,0.2880765327352975,0.0012297920985261945,0.0004919168394104779
6.0,8,0.0,0.1133158474750512,0.3366235237447037,-8.914709662906008,-5.684726749073573,-3.366829360027392,1.5995860991654884,0.4444444444444444,0.0,0.3333333333333332,0.0032901904113705194,0.0
6.0,8,0.1,0.111959437453428,0.3346032784423076,-8.996682676406156,-5.7596137144614445,-2.5472688505920513,0.940501531651204,0.4444444444444444,0.0334603278442307,0.3321585527346244,0.0024447257076831708,0.0002444725707683171
6.0,8,0.2,0.1116768921905047,0.3341799962327563,-9.262845468669823,-5.843136776988817,-3.307190166947939,0.3785395422481274,0.4444444444444444,0.0668359992465512,0.3295773506895175,0.004602645543238804,0.0009205291086477607
6.0,8,0.3,0.1097988736235447,0.3313590247553714,-9.59856723649773,-5.9456694384060205,-3.372424442177707,-1.166380606195956,0.4444444444444444,0.0994077074266114,0.3256370516314664,0.005721973123904989,0.0017165919371714966
6.0,8,0.4,0.1055832890294638,0.324935793587139,-10.004819860058737,-5.119820151111202,-3.0129246218280215,-2.98728247166468,0.4444444444444444,0.1299743174348556,0.3179919727399699,0.006943820847169102,0.002777528338867641
6.0,10,0.0,0.1478014660390809,0.3844459299112296,-4.9175410481801665,-2.2615652755977416,-1.0988422591201663,1.0765845456535332,0.5555555555555556,0.0,0.3726779962499648,0.011767933661264829,0.0
6.0,10,0.1,0.147323508488858,0.3838271295968519,-4.943609220053271,-2.271056284958728,-0.7653215307333131,0.6533479357506691,0.5555555555555556,0.0383827129596851,0.3710342234907155,0.01279290610613637,0.0012792906106136371
6.0,10,0.2,0.1443094409911502,0.3798762258053039,-5.018455117736678,-2.2524419926906236,-0.8729221548079282,-0.1079916695078809,0.5555555555555556,0.0759752451610607,0.3664720083793387,0.013404217425965204,0.0026808434851930407
6.0,10,0.3,0.1391935739702607,0.3730807076828452,-5.135354693006179,-2.0323891726727026,-1.3901766254599774,-0.9877376452867908,0.5555555555555556,0.1119242123048535,0.3599074596800952,0.013173248002749993,0.003951974400824998
6.0,10,0.4,0.1335166374570574,0.3653956993337808,-5.230507628557649,-1.91023995881986,-1.122912864088035,-1.835292793472325,0.5555555555555556,0.1461582797335123,0.3523960932472829,0.012999606086497917,0.005199842434599167
6.0,12,0.0,0.1993376877485083,0.446470502034594,-2.8442299230800216,-0.234260781338647,0.0224746487055528,0.0842046906312409,0.6666666666666666,0.0,0.4082482904638631,0.03822221157073091,0.0
6.0,12,0.1,0.1934966993931033,0.4398743102644005,-2.8579792575606113,-0.2819741365432375,-0.2995038760152422,-0.1770333040720705,0.6666666666666666,0.04398743102644,0.4067482916732852,0.0331260185911153,0.0033126018591115303
6.0,12,0.2,0.1901958266894144,0.4361131441278592,-2.793220809133823,-0.0328181236427014,-0.7532047502207401,-0.6562233631939054,0.6666666666666666,0.0872226288255718,0.4025909967986911,0.033522147329168084,0.006704429465833617
6.0,12,0.3,0.1828475744218291,0.4276008446401912,-2.7545835099580915,-0.1483987973167913,-0.1217716251325949,-1.2899985323326435,0.6666666666666666,0.1282802533920573,0.3966247058759164,0.030976138764274797,0.009292841629282438
6.0,12,0.4,0.1771467477966297,0.4208869810268054,-2.711688934631917,-0.165268296874071,-0.0786798621320952,-2.0907975927880944,0.6666666666666666,0.1683547924107221,0.3898214774915892,0.0310655035352162,0.01242620141408648
6.0,14,0.0,0.2448139249438886,0.4947827978471975,-1.694676840974199,0.8148770709839046,0.4934211435620794,-0.5819169858820076,0.7777777777777778,0.0,0.4249182927993986,0.0698645050477989,0.0
6.0,14,0.1,0.2485060760193685,0.4985034765675471,-1.6760053034057318,0.8035971225435792,0.3629591330252401,-0.6674643521761322,0.7777777777777778,0.0498503476567547,0.4234773449288935,0.07502613163865363,0.007502613163865363
6.0,14,0.2,0.2268095584428899,0.4762427997823701,-1.634552022890879,0.8304561784363003,0.403021650318239,-1.0187320123076162,0.7777777777777778,0.095248559956474,0.4194858753191253,0.05675692446324482,0.011351384892648964
6.0,14,0.3,0.2549400494594682,0.5047604708902272,-1.558335859204346,0.8028668936485123,0.3325862834285818,-1.168034691382738,0.7777777777777778,0.1514281412670681,0.4261509271501159,0.07860954374011137,0.02358286312203341
6.0,14,0.4,0.2511173099888023,0.5011062418414843,-1.5371391067289697,0.8152758536283388,0.4774842883087827,-1.1435987773308802,0.7777777777777778,0.2004424967365937,0.4196744206435395,0.08143182119794484,0.032572728479177936
6.0,16,0.0,0.3718922717328667,0.6094897630086034,-1.0077550980806198,1.2477849677095367,0.9382844967536972,-0.2924058237418885,0.8888888888888888,0.0,0.430722229724032,0.17876753328457134,0.0
6.0,16,0.1,0.2824614636870621,0.5314464351967781,-1.0160221899002817,1.2171378724952715,0.762546148559306,-0.1803110246303189,0.8888888888888888,0.0531446435196778,0.4234773449288935,0.10796909026788465,0.010796909026788466
6.0,16,0.2,0.2930189702773186,0.5412929906062457,-0.9989830808719208,1.1895057571965406,0.8210572718176626,-0.4262987465676979,0.8888888888888888,0.1082585981212491,0.4203250640128667,0.12096792659337902,0.024193585318675805
6.0,16,0.3,0.4244197826880858,0.6513055174651549,-0.9832400415005652,1.1551894575750916,0.9965396784150252,-0.2198170075323925,0.8888888888888888,0.1953916552395464,0.4358490758338971,0.21545644163125777,0.06463693248937732
6.0,16,0.4,0.2469718143275476,0.4969335475913894,-0.9934192887776762,1.084919998510932,0.5760897461056887,0.4594027299037767,0.8888888888888888,0.1987734190365558,0.40724645265811,0.08968709493327942,0.03587483797331177
6.0,18,0.0,0.4570838093165297,0.6749475813019141,-0.6224887687579677,1.415142603738249,1.3657131657395123,-0.1404462575273657,1.0,0.0,0.4426913355960791,0.23225624570583503,0.0
6.0,18,0.1,0.4485301183152355,0.669286111891256,-0.6693409393185608,1.412413307232038,1.1328927722711872,0.6633300776202736,1.0,0.0669286111891256,0.438325694329067,0.230960417562189,0.0230960417562189
6.0,18,0.2,0.3781788252014637,0.6147654103089463,-0.7081416986568755,1.3648658522065873,0.9327134677614836,0.9750685519313534,1.0,0.1229530820617892,0.4289350169497801,0.18583039335916618,0.03716607867183324
6.0,18,0.3,0.3331233136536018,0.5771345682101725,-0.7417194503834099,1.2969933257577295,0.8347311471032494,1.1984047699950218,1.0,0.1731403704630517,0.4232553563713483,0.1538792118388242,0.04616376355164726
6.0,18,0.4,0.2762229638919414,0.5254516499236441,-0.7640917011551162,1.2183396308486942,0.5793432856608722,1.5909080667457347,1.0,0.2101806599694576,0.40724645265811,0.11820519726553413,0.04728207890621366
8.0,4,0.0,0.0555239331192673,0.2356350932314298,-28.030681410265597,-32.796633108061194,-6.34901135970181,2.701762992309037,0.2222222222222222,0.0,0.2357022603955159,-6.716716408608492e-05,-0.0
8.0,4,0.1,0.055273256939413,0.2351020873868976,-28.43435876007955,-32.87997538543789,-3.6093875627209457,-0.7805024164712483,0.2222222222222222,0.0235102087386897,0.2357022603955159,-0.0006001730086182822,-6.001730086182822e-05
8.0,4,0.2,0.0553256619842702,0.2352132455272835,-28.755152085748012,-31.608409977167565,-5.173300506882892,-2.0954946483677737,0.2222222222222222,0.0470426491054567,0.2357022603955158,-0.0004890148682323014,-9.78029736464603e-05
8.0,4,0.3,0.0552212893287053,0.2349904502844948,-30.164141258509048,-30.189982561416816,-5.981025951649753,-8.147160736495488,0.2222222222222222,0.0704971350853484,0.2357022603955158,-0.0007118101110210051,-0.00021354303330630152
8.0,4,0.4,0.0556860813726191,0.2359784423459664,-31.62097402244291,-31.16185494450346,-5.215379484601071,-15.372353372134665,0.2222222222222222,0.0943913769383865,0.2357022603955158,0.00027618195045059357,0.00011047278018023744
8.0,6,0.0,0.0827822556558548,0.2877173207200656,-14.945020941340417,-9.096042866721431,-6.392267389952778,0.323839203454475,0.3333333333333333,0.0,0.2886751345948129,-0.0009578138747473042,-0.0
8.0,6,0.1,0.0842080283287471,0.2901861388471329,-15.026501172653184,-9.38490698110872,-4.768248239980151,1.3824043061172293,0.3333333333333333,0.0290186138847132,0.2885058445559141,0.001680294291218798,0.0001680294291218798
8.0,6,0.2,0.0839001216673966,0.2896542397303135,-15.30919723968,-9.153595080285276,-5.267620561634149,-0.9424246820733408,0.3333333333333333,0.0579308479460627,0.2885110818219826,0.0011431579083309162,0.00022863158166618326
8.0,6,0.3,0.0830770353616556,0.2882303740976554,-15.940970590880935,-9.526631793917815,-5.855241515708362,-2.1676056047780308,0.3333333333333333,0.0864691122292966,0.2885795957875209,-0.0003492216898655087,-0.00010476650695965261
8.0,6,0.4,0.0832215499171885,0.288475545234323,-16.12353879642379,-9.678403185972767,-6.503177790293319,-4.0220750786066,0.3333333333333333,0.1153902180937292,0.2880765327352975,0.0003990124990255195,0.0001596049996102078
8.0,8,0.0,0.1119540358179767,0.3345897763707702,-7.667717301949086,-4.897437591556321,-3.641256502785446,1.9434954627532897,0.4444444444444444,0.0,0.3333333333333332,0.001256443037436994,0.0
8.0,8,0.1,0.111799027176639,0.3343604347015856,-7.742654570572742,-4.4368727653891975,-4.3159608367455,1.546204352191553,0.4444444444444444,0.0334360434701585,0.3321585527346244,0.0022018819669611944,0.00022018819669611945
8.0,8,0.2,0.1113576250605884,0.3337011968963592,-7.766829122928783,-4.40786668364068,-4.1015081042679,0.2179464750236433,0.4444444444444444,0.0667402393792718,0.3295773506895175,0.004123846206841697,0.0008247692413683394
8.0,8,0.3,0.107779921302863,0.3282976425572733,-7.923545641983484,-3.9215194609508246,-6.379905718840355,0.1790854963344018,0.4444444444444444,0.0984892927671819,0.3256370516314664,0.002660590925806894,0.0007981772777420681
8.0,8,0.4,0.1050059176039549,0.3240448709168541,-8.105305932799793,-4.9587654586544305,-3.4225317531220405,-2.050357921430934,0.4444444444444444,0.1296179483667416,0.3179919727399699,0.006052898176884203,0.002421159270753681
8.0,10,0.0,0.1447255841558958,0.3804199033782172,-3.957959999993383,-2.1912097707595897,-1.5618451769252646,0.9747264368367132,0.5555555555555556,0.0,0.3726779962499648,0.007741907128252401,0.0
8.0,10,0.1,0.1465520296227006,0.3828174249802481,-3.941129133893672,-2.145297176020027,-1.6966975095788577,0.2271950671703787,0.5555555555555556,0.0382817424980248,0.3710342234907155,0.011783201489532602,0.0011783201489532604
8.0,10,0.2,0.1424485643461768,0.3774215320050727,-3.98516280975384,-2.0304590199571924,-1.2346704155222994,-0.0050805795269946,0.5555555555555556,0.0754843064010145,0.3664720083793387,0.010949523625734037,0.0021899047251468075
8.0,10,0.3,0.1373152776542768,0.3705543657683414,-3.967683143351836,-1.939489918330353,-1.8766251400098168,-0.4140705539192543,0.5555555555555556,0.1111663097305024,0.3599074596800952,0.0106469060882462,0.00319407182647386
8.0,10,0.4,0.1345784581544463,0.3668483683872372,-3.962908111134925,-1.9402259197493787,-1.7985212170389042,-1.360799882279624,0.5555555555555556,0.1467393473548948,0.3523960932472829,0.01445227513995434,0.005780910055981737
8.0,12,0.0,0.1989409651996913,0.4460253189706224,-2.14761186192998,-0.5639198622554148,-0.2294240534549366,-0.0688532506128943,0.6666666666666666,0.0,0.4082482904638631,0.03777702850675935,0.0
8.0,12,0.1,0.1988136530058069,0.4458622131972705,-2.1508045512342475,-0.5320209282366347,-0.2945555927075443,-0.4405917403555052,0.6666666666666666,0.044586221319727,0.4067482916732852,0.039113921523985296,0.00391139215239853
8.0,12,0.2,0.1889675996030503,0.4346587447058965,-2.1296656466935455,-0.4217630277631399,-0.3810766479466878,-1.2366823721987783,0.6666666666666666,0.0869317489411793,0.4025909967986911,0.0320677479072054,0.00641354958144108
8.0,12,0.3,0.1819136068605889,0.4265010574862349,-2.0465373295161933,-0.5429282877952432,-0.5206945040077152,-1.2889971398764042,0.6666666666666666,0.1279503172458704,0.3966247058759164,0.029876351610318486,0.008962905483095545
8.0,12,0.4,0.1774547021291088,0.4212297166311701,-1.962868840732468,-0.4419013498079379,-0.8510695898875776,-1.1977708003523289,0.6666666666666666,0.168491886652468,0.3898214774915892,0.03140823913958091,0.012563295655832363
8.0,14,0.0,0.249041627316046,0.4989620836368289,-1.2197725407902873,0.5150699953210381,0.2273087988464487,-0.4318460075648487,0.7777777777777778,0.0,0.4249182927993986,0.07404379083743035,0.0
8.0,14,0.1,0.2441295953240024,0.4940610598516219,-1.190747193014895,0.5384811089312717,0.3418616642613963,-0.511269188740667,0.7777777777777778,0.0494061059851621,0.4234773449288935,0.07058371492272841,0.007058371492272841
8.0,14,0.2,0.2415749524574357,0.4914747501578538,-1.1555818799694957,0.588162430020273,0.0878459612448882,-0.8116342203678836,0.7777777777777778,0.0982949500315707,0.4194858753191253,0.07198887483872851,0.014397774967745703
8.0,14,0.3,0.2530164979451084,0.5029852072338559,-1.1277334577458715,0.5511636948867761,0.2532819945064787,-0.94690972196645,0.7777777777777778,0.1508955621701567,0.4261509271501159,0.07683428008373999,0.023050284025121996
8.0,14,0.4,0.2529847327830615,0.5028736127468089,-1.1120381072606984,0.534477923178304,0.2023187654760608,-0.8774629606242067,0.7777777777777778,0.2011494450987235,0.4196744206435395,0.08319919210326937,0.03327967684130775
8.0,16,0.0,0.3531190051617991,0.5938748889762842,-0.6893882472524799,1.1444106717775846,0.9225448503256648,-0.1860661861121287,0.8888888888888888,0.0,0.430722229724032,0.16315265925225214,0.0
8.0,16,0.1,0.2872909588147221,0.5358411540879007,-0.6817748404722354,1.1298694654787942,0.7897585895461839,-0.33478832036466,0.8888888888888888,0.05358411540879,0.4234773449288935,0.11236380915900718,0.011236380915900719
8.0,16,0.2,0.2934576542547726,0.5412602835799042,-0.6826705975865183,1.1436817578088536,0.7521243969233612,-0.0874747619065788,0.8888888888888888,0.1082520567159808,0.4203250640128667,0.12093521956703751,0.024187043913407504
8.0,16,0.3,0.4460510427691551,0.6678473834530512,-0.6703242426167164,1.0495018613633798,0.6150587665294677,0.0424121993665482,0.8888888888888888,0.2003542150359153,0.4358490758338971,0.23199830761915408,0.06959949228574622
8.0,16,0.4,0.2819689153213672,0.5305860183473234,-0.6721674705473178,1.0168829693051225,0.5508698503714942,0.6172794275536679,0.8888888888888888,0.2122344073389294,0.40724645265811,0.12333956568921345,0.049335826275685384
8.0,18,0.0,0.5293377637892821,0.7260142028677592,-0.3727473330720217,1.2174938316690882,1.3748270907493294,-0.3970561240297613,1.0,0.0,0.4426913355960791,0.2833228672716801,0.0
8.0,18,0.1,0.6223031185784555,0.7864931205748248,-0.3835903707514617,1.2424752640368064,1.3185165145154738,0.2131462239707044,1.0,0.0786493120574824,0.438325694329067,0.3481674262457578,0.034816742624575785
8.0,18,0.2,0.4479010810346022,0.6684093602584134,-0.4192402940313904,1.280144512611557,1.1994522157123992,0.3968065128620909,1.0,0.1336818720516826,0.4289350169497801,0.23947434330863326,0.04789486866172665
8.0,18,0.3,0.382435726024652,0.6180636244241998,-0.4508368281470866,1.22641147129517,1.026429588963013,0.8507376822395448,1.0,0.1854190873272599,0.4232553563713483,0.1948082680528515,0.05844248041585545
8.0,18,0.4,0.3130573999079006,0.5594459257569847,-0.4729038088740263,1.2053837352912358,0.7611379494927689,1.324491772233493,1.0,0.2237783703027939,0.40724645265811,0.15219947309887472,0.06087978923954989
