L,nup,delta,U,seed,n,eq_son_full,eq_son_vertex,chi_son_full,chi_son_vertex,eq_sext_full,eq_sext_vertex,chi_sext_full,chi_sext_vertex,eq_d_full,eq_d_vertex,chi_d_full,chi_d_vertex,eq_dxy_full,eq_dxy_vertex,chi_dxy_full,chi_dxy_vertex
10,25,0.5,4.0,1,0.5,55.35179520890098,-13.182187777596496,15.585794034065094,-28.422731144584514,215.8504911539951,11.878431959779538,31.991701340852167,-11.415183163760812,335.05860252605504,-1.7154348776896158,266.6126923489086,-7.235510509790265,262.528642134416,-9.782717935611085,155.90339591734136,-25.6628182822566
10,25,0.5,4.0,2,0.5,55.29051774971024,-13.033953634131857,15.546495868079873,-28.070783442554763,216.20858601214445,11.884911414532906,31.02113609999558,-12.151202624872024,336.1493591882645,0.2456071351873675,272.02901125177067,-0.6265489494447778,260.4435330306815,-10.739291512840657,152.67838381300663,-26.530657336298997
10,25,0.5,4.0,3,0.5,55.29696183827963,-12.963791592748953,15.443464798305161,-27.956797482114574,215.7640924546253,11.960542438249906,31.263237465229555,-11.385566120932655,335.6428359840863,-1.493282170926055,268.4915407577904,-5.477373282454616,260.3226016003949,-10.188324813801794,155.28298937687788,-24.354535303989465
10,25,0.5,4.0,4,0.5,55.274234710484976,-13.0884371141176,15.43031036151685,-28.226290449310387,216.39127892988503,12.280488388156636,31.30135158553113,-11.87445466574253,334.28007564093326,-1.6056903643431866,268.66969874089415,-4.395688957052241,260.4474662526856,-10.645299837272816,152.6825813941879,-26.591818659479156
10,25,0.5,4.0,5,0.5,55.29341596444981,-13.11904774800081,15.562506204046912,-28.24837076358134,216.27599355412593,12.01746043315929,31.96795676232339,-11.442818920912757,335.46029496532634,-0.43089031905535224,270.259557810641,-3.2003019940857116,261.47717350236866,-9.567965502189617,154.10307804608368,-25.857868210055408
10,25,0.5,4.0,6,0.5,55.29120810358671,-13.11656428964044,15.551873548543274,-28.04009631061864,216.00219943912583,12.018629550336467,31.490301494442594,-11.433270077430825,334.43424264234375,-1.5316086001723348,268.8212726813961,-3.9333944404321146,261.6019604202248,-10.064196791555322,155.2611294634815,-24.505650264151228
10,25,0.6,4.0,1,0.5,55.1684492909978,-12.996521665659495,16.01941626155056,-30.86321852807497,213.4525306193933,-4.276117888258715,57.827920872196934,-32.2174204395111,331.6744382961183,-1.3244282718416813,278.31716736915666,-7.050251360889147,230.30810654522574,-5.896250780050052,84.76723620325738,-24.907054165841732
10,25,0.6,4.0,2,0.5,55.089498417624306,-12.938251699697863,15.843270267270274,-30.56394265130634,212.45603451723872,-5.083873243662869,56.40460203356979,-33.609688704839364,332.1695604098128,-0.3956358769620934,280.76513549393803,-2.782865209788471,230.79906369985656,-5.043378382890781,84.53747551988434,-24.04664754592175
10,25,0.6,4.0,3,0.5,55.155940520715,-13.067340222638725,15.883734503089169,-30.953336548536566,212.708602443266,-4.8128410405941695,59.03289937905148,-30.588141502982047,333.94666298738883,-0.2958008991820719,281.2303536521038,-5.630619255500836,229.6725591000215,-6.018292601997058,85.16394992480377,-23.588258478978855
10,25,0.6,4.0,4,0.5,55.15681854530379,-12.956408822327694,15.991542291178103,-30.951176269149652,213.72982213804872,-4.070947703326442,59.02983855695258,-32.14792156138285,332.07092235155363,-0.5091927693890369,281.67666674489,-3.44056910062762,228.86627149458658,-7.075953551726431,84.42579514834998,-23.881410455896734
10,25,0.6,4.0,5,0.5,55.18548900128555,-12.96123418035594,16.007815640084466,-30.48052572168308,213.34429012984805,-4.252126792825516,58.873954280556816,-30.410211875136078,332.563136994582,-0.33783125810191733,278.5374292237091,-5.12275776479657,230.7604751284961,-5.372458090594923,85.49301056443103,-22.69489148275928
10,25,0.6,4.0,6,0.5,55.119306868438876,-13.035733429608616,15.88513287916885,-30.77654631353579,212.74822350444805,-5.045672296314027,59.08494840485439,-30.746897168658087,331.37665241986093,-1.9082226522851826,278.25685130570116,-7.003194592281467,231.27712919301433,-4.204271058625479,86.99796257093385,-21.155091732052803
10,25,0.7,4.0,1,0.5,55.731681530186584,-13.024489559071844,17.207954903248048,-33.915481274319234,212.38731555040266,-4.7626592494508575,65.96991155623856,-32.029876427494955,335.84141833539104,-0.2109013704396844,287.12249736056094,-5.284106873384053,228.61792557992885,-5.814822623994647,87.37160963847666,-32.07496092020959
10,25,0.7,4.0,2,0.5,55.69863100359453,-12.961577203421717,17.1318884519739,-33.6432253829915,212.03771705028544,-4.885356527344512,65.39272598066438,-31.796528329953663,335.6558461821752,-0.19686748025047934,288.69128432679423,-3.8664264796046033,229.21812666740658,-5.137679230266865,90.12200895390224,-28.082312306108737
10,25,0.7,4.0,3,0.5,55.736055008030895,-13.009698971030152,17.039024757130612,-33.82830136547631,211.34523257246815,-5.590023387429172,62.65340916084881,-33.54914955135799,333.995086441743,-2.699952541211826,288.5103374160117,-5.201546770514853,228.1526417099204,-6.467214401008815,88.65771311334322,-30.99656933584323
10,25,0.7,4.0,4,0.5,55.736291808202,-13.032080057555214,17.116543357486755,-33.994958790822864,211.5887577293835,-5.405395893608864,64.04508536694794,-33.784225015483855,335.60616463074194,-1.1987133181836498,288.5223099388719,-4.505856364268442,229.76922070196832,-4.678070790431719,89.90973080520439,-29.28630970201243
10,25,0.7,4.0,5,0.5,55.76313075978817,-13.09883857014401,17.198028931657696,-34.096350060186964,211.94006673001772,-5.2147997422674734,65.6281010692082,-32.68697666943891,337.34209086408964,0.20288081887123327,291.26053918896963,-2.559066364798838,229.00487326169724,-5.7296019402202205,91.14497043801578,-28.94968554701766
10,25,0.7,4.0,6,0.5,55.76688459995629,-12.667397981972915,17.22499043579283,-33.078223147463106,212.02594005372998,-4.721022333068097,65.72546833605413,-30.518388726221694,335.49804387410677,-1.357490528928544,289.11098054828665,-4.107423228293632,229.01491191334694,-5.488418994033319,90.2082423979775,-28.988397708804655
10,29,0.5,4.0,1,0.58,49.22586739911383,-14.217282468491316,11.016320271117639,-18.98810756751563,214.90087926151,13.918003218416624,27.91629161885095,-8.882614151707683,311.063394026966,-0.14023388970133083,209.9197449911845,-2.6340533283239056,227.1738687192248,-3.5151821927289086,65.26807489621503,-17.370590962064206
10,29,0.5,4.0,2,0.58,49.26361816886653,-14.181937106096399,11.024883303124493,-19.03648487966162,214.47583204556446,13.687325453884899,27.36875316496466,-9.52936813650139,311.2638384723484,-0.5094793415235784,210.70862975019037,-2.8668230682598557,229.00861250448642,-1.300247428555371,69.37362130765783,-13.564694263099105
10,29,0.5,4.0,3,0.58,49.245648778185256,-14.281708727076255,11.0456220494418,-19.115577166989446,215.01090288921887,14.129442221724815,28.413086675459237,-8.516948238518214,311.06914033378973,-0.9238054375419409,210.88018852575004,-2.087672563714765,229.2070370162397,-1.4620585685618288,69.01353996883557,-14.31585777336706
10,29,0.5,4.0,4,0.58,49.27461361346787,-13.949561012762837,11.06198342257721,-18.75795623714983,215.6822977362802,14.46818759489399,28.130034064848644,-8.905585668508008,311.62558466741,-0.29725801562781984,211.7606070172996,-2.1665180455361517,228.87890342197142,-1.823824583263434,66.98731159912215,-15.675092188854881
10,29,0.5,4.0,5,0.58,49.271833223454166,-14.201297037895575,11.052249937450334,-18.970621798211795,215.12121469971947,14.016340850361027,27.517223028587892,-9.370144993188665,312.00708787854535,0.3506935204816486,210.07949679426957,-2.149509969043371,229.02904487275833,-1.6965138539829987,68.34179861880034,-14.599404659140584
10,29,0.5,4.0,6,0.58,49.27402063787241,-14.256924805348257,11.03671991743304,-19.06986118626912,214.59858523784774,13.586514098638535,27.58189361839385,-9.387285265250304,311.6548341711937,0.3941183676631425,209.13247592613533,-3.099544266423817,229.6532949802942,-0.8966540429651125,67.06740540961418,-15.606979445466106
10,29,0.6,4.0,1,0.58,49.790623306944426,-14.258681532110128,11.581717312679627,-20.632120714793437,210.82527254167417,12.334557843734636,27.6789996453644,-9.490266135498334,315.32980151057774,-1.0265728992675165,214.6753249296985,-4.583113432092704,227.27747525664572,-2.811268192286879,69.29696557626364,-19.217974896359166
10,29,0.6,4.0,2,0.58,49.786166075221416,-14.3205432475748,11.523152690828894,-20.66766093443154,211.00502381887927,12.544133606226112,27.305946778905877,-9.924109374700555,315.84371078212035,-0.39404884267061674,215.86891785211282,-3.150353410607358,228.1549990016906,-1.820980475606835,69.45599730476059,-19.001790905130914
10,29,0.6,4.0,3,0.58,49.71596318978899,-14.261526244430243,11.454713490715204,-20.463030387277108,210.50342715733854,12.12281209044771,27.229582243442753,-9.868367075977275,314.6670060218922,-0.8129146881814819,214.94076224936254,-2.283261207484313,228.0773164857554,-1.6315585499038576,68.92204289173945,-18.83783791718349
10,29,0.6,4.0,4,0.58,49.70793500173855,-14.229216402298476,11.47746865318886,-20.505381055619722,210.61276956567093,12.210375903774894,27.47958909865172,-9.679798042537888,314.4061162544844,-0.756320375958353,215.0677883350707,-2.8254183352465843,228.44050237876382,-0.8674396877739973,70.2220372437713,-17.77384903152669
10,29,0.6,4.0,5,0.58,49.78357142375383,-14.34218485533457,11.5361730771106,-20.786802494762277,210.84223241321257,12.412921535260697,28.190166623919605,-9.263534513493997,315.185181771364,-1.173730578984781,218.4678647379397,-1.2968952761243382,227.30868999797394,-2.542950565875737,69.57551245138922,-18.860282396730675
10,29,0.6,4.0,6,0.58,49.84250606865847,-14.30013894752397,11.601346056116096,-20.670424830790616,211.40649854286525,12.826836663358964,28.004804071714414,-9.344629622794322,316.12886199739734,-0.391566483066633,216.50428240793477,-2.1423055670420394,227.78610137072957,-2.0695858964044973,70.20491555925031,-18.402656236196368
10,29,0.7,4.0,1,0.58,50.18516236055349,-14.041490265824454,11.948255003572536,-21.95421760575593,207.43834743168904,11.190163091727081,27.597210773737505,-9.678223704516522,315.8370461056531,-1.0471745925180656,216.96651982544398,-3.248099868181773,227.69247295817286,-1.1506027872351645,72.33352627258701,-21.105380748341272
10,29,0.7,4.0,2,0.58,50.207106080364085,-14.016532738290218,11.940753845590343,-22.083484011413447,207.3349505512063,11.306927637890505,27.447059631381627,-9.956155949549137,316.3995044285785,-0.7869756880866661,219.0315616588001,-3.2594606892126152,227.2244361981352,-1.2702660791675875,72.14405492434219,-21.524530371709044
10,29,0.7,4.0,3,0.58,50.19378646850704,-13.984869329764582,12.00781017829348,-21.94822351638374,207.52660162779702,11.592580246467898,27.623126320148337,-9.5874059147053,316.1013581829346,-1.2197177161546364,217.63573984255544,-3.670013615852194,226.2459492386547,-2.179373127361783,70.80406396490807,-21.843632545029514
10,29,0.7,4.0,4,0.58,50.21559978537691,-13.982000603516473,12.01147240889631,-21.97550597190606,207.57217967678116,11.625910095876348,27.41798888690196,-9.673025432629023,316.6459530743149,-0.5030728244502967,218.80106552085448,-2.493598477045254,226.58716049473864,-2.0574950879399942,71.98961848633289,-21.916890771317874
10,29,0.7,4.0,5,0.58,50.170972883229055,-14.010618892147018,11.900654291139022,-21.897275881906307,208.1091732162197,12.188214905108286,27.15674371571165,-9.906207455922964,316.9988528340203,-0.06806136043509099,218.57659698619938,-2.276719025697785,226.48803865048362,-2.318993489217567,70.61042899908679,-22.696662584393522
10,29,0.7,4.0,6,0.58,50.14905082541257,-14.059599577463691,11.898101722475712,-21.88824898468132,207.55027047005046,11.50633855713344,27.16609346049786,-10.054578152908679,315.86580929180883,-0.8990971827197498,218.60634467928344,-2.078044020372525,226.36852174697066,-2.2979893507730607,70.93301900737437,-22.109309147266526
10,33,0.5,4.0,1,0.66,43.62416503418232,-15.001893457464277,7.7395032250715134,-12.534334395908948,213.9512317417537,20.07678747143899,23.872572193010637,-4.96119476284142,272.7588614853332,0.4938876400564126,144.46346482050177,-3.190109744980611,219.56482250059108,8.555717874077892,41.22709788077129,-6.878683882439937
10,33,0.5,4.0,2,0.66,43.686586643497726,-14.837227276550262,7.829334998386216,-12.428396986318566,213.96711380043484,19.872934483182657,23.620017351536546,-5.420773074184938,273.64196545936557,1.0798983443303705,146.29901550426553,-1.6116940664235542,219.16703537350077,8.271225344293233,39.92383730559711,-7.418777428669811
10,33,0.5,4.0,3,0.66,43.67831153071466,-15.095304107012538,7.851006742845799,-12.650791248742586,213.95743131851387,20.070098298974102,23.93042058682836,-5.105163371915021,273.9820784541097,0.2836747766095414,147.3095253319357,-2.005279140427989,220.5580436387526,9.481901772207857,42.05661914765083,-5.924411898072774
10,33,0.5,4.0,4,0.66,43.67084197239395,-14.595065283023633,7.75596672385827,-12.316682886488081,213.78990732680637,19.932412242575893,23.88178195185054,-4.996958872442209,274.8702691260052,1.524375012216727,148.8124031740784,-0.39132301083106485,221.17503052000865,10.038539880428768,41.61696884332155,-5.871788411184227
10,33,0.5,4.0,5,0.66,43.608807882708746,-14.890187741730339,7.768112714132476,-12.422896452318067,214.2085771895895,19.95261968559422,23.867554571312013,-5.1186391914131955,272.37955108336894,0.20109326892935755,147.30469856004862,-0.4463841533003321,220.14015132354683,9.340139612915383,42.19360011841427,-5.658364538785319
10,33,0.5,4.0,6,0.66,43.76986470327178,-15.053546046713794,7.824453202809444,-12.643413691532768,213.72272963326427,19.77468511110019,23.690086528374074,-5.303831812049774,273.48569689201656,-0.4541133296852614,146.64701667080763,-1.8875882025212527,220.36469339118713,9.533337880185659,41.76212590204459,-6.179415823015054
10,33,0.6,4.0,1,0.66,44.48309049020926,-14.985583849395587,8.166307857479179,-13.5369585220059,209.43213361278146,18.336216656302962,23.95561464035055,-5.3648721872446785,279.3339939793806,0.15249241885817214,154.4127381815389,-2.78091628128277,220.50411685105126,9.511226410677512,41.660210978784185,-7.443907334684096
10,33,0.6,4.0,2,0.66,44.483579299194204,-14.957830105030316,8.208061950871961,-13.377392671718093,209.07546103480882,18.281135259483797,23.911793482377426,-5.3131626127041685,279.8592248026259,0.7899105686470846,155.46229116526416,-0.3583327245581115,220.32756232706433,9.426814519910144,41.424676120796434,-7.636451611011358
10,33,0.6,4.0,3,0.66,44.46328425866339,-14.935302902593417,8.111254820863532,-13.428767930069139,209.15089607139853,18.38248480885787,23.588105600019112,-5.524471884785257,279.7943947023126,0.9150060005463289,154.62939886741293,-1.1388560140741961,220.57086373697615,9.542222980068477,40.1589903210629,-8.762879700072062
10,33,0.6,4.0,4,0.66,44.327357019289636,-14.835965270731558,8.131871354710544,-13.176203189856006,209.227297895817,18.20432937528944,23.982569660510528,-4.96586548593951,278.44837851532236,0.564689769248561,153.41265343759915,-1.218754041573689,226.31139561099903,15.42681563602955,47.86096330966202,-0.5930195651845853
10,33,0.6,4.0,5,0.66,44.42124012586244,-14.957492122666164,8.079036691504426,-13.482756315787427,209.33152116686523,18.286098522443513,23.858406271816257,-5.409317680044231,279.15621825680364,0.6377882877746288,154.4922141430051,-1.1735961885794868,219.4959182063194,8.704552544945106,40.11463312418111,-8.871961473952226
10,33,0.6,4.0,6,0.66,44.513006944033606,-14.969325496546631,8.147192738607178,-13.382629829768055,210.11455684073326,18.836108670477596,23.78239680204963,-5.403667425199124,280.9909586027332,0.9384425257463291,156.23529085969636,0.11613504879000117,220.82386361010703,9.661792908652098,41.76517989435724,-7.356702828405036
10,33,0.7,4.0,1,0.66,45.21928306512758,-14.743048162321594,8.469410322834445,-14.245636533390847,204.65215786764693,16.5097879624774,23.938583840463917,-5.3427999760539935,282.7472252471961,0.611158499799167,157.4793314489059,-2.524188098691764,218.5662616583787,9.465188658623324,38.2561545868475,-7.808294325593058
10,33,0.7,4.0,2,0.66,45.205144285009375,-14.579299207606232,8.462698135463652,-14.015272895905747,204.68531422747202,16.438198984589583,23.575997000409508,-5.583088314857524,282.05855032011107,0.7274477961429724,158.74673259764876,-0.8883730021030853,219.14663235899167,10.4539015994366,37.05360491955825,-8.270191470913797
10,33,0.7,4.0,3,0.66,45.260632696097446,-14.75726020826487,8.532376212646849,-14.180567451188177,205.0161982155931,16.965239592633353,23.907628486748337,-5.2124616991801815,283.05329215965725,0.559156939897693,159.09642470458013,-1.6591789914855597,219.694055420359,10.431682464305993,38.524220999941214,-7.841830937236288
10,33,0.7,4.0,4,0.66,45.20300205631354,-14.410303120943013,8.449803193407115,-13.960547037441941,204.88830777280072,16.83386955418591,24.09012923965281,-5.019409510177248,281.6532612605905,0.3747111148856604,160.7966846446447,0.07952260862497784,219.29627098881974,10.439648636049768,37.664804121844526,-7.692168263622399
10,33,0.7,4.0,5,0.66,45.246211424634915,-14.741566356552926,8.417434633820934,-14.211318820292679,204.30731984778134,16.674266410231354,23.712370889610433,-5.421410954168885,282.6106408306149,-0.29927161213076375,158.66865476431832,-1.5643096800028597,219.39509143782553,10.490069432359604,37.60069051154563,-7.808222669450688
10,33,0.7,4.0,6,0.66,45.21849764316165,-14.674492987996453,8.433069167791249,-14.077667183475919,204.6014660536909,16.560219138820827,23.378409395602347,-5.743704384937989,282.1562063509179,0.3360305210014303,159.12383995346283,0.023104977969618946,219.7062647195233,10.613521978345346,37.71691265377085,-7.9537586299201255
10,37,0.5,4.0,1,0.74,39.03185137593091,-15.606945880232512,5.730894289441401,-8.515293031357345,212.9849356482742,26.618279906967853,21.282327596955845,-2.1072713646374024,245.5943259661714,2.659068052433372,110.0108013617368,0.5882158461397615,220.62978692490952,22.533777162622258,31.189576335731033,-2.007601892959499
10,37,0.5,4.0,2,0.74,38.96023733583587,-15.249611040879222,5.693344596377251,-8.341020437548485,213.27046002307776,26.836916566891187,21.423551318958744,-1.9080480562336604,247.20253238304272,4.5764210399036624,111.33552653312208,1.4659388667126936,220.07143593999422,22.177523967055443,31.29526755726817,-1.774186059834379
10,37,0.5,4.0,3,0.74,39.01609184665389,-15.479791347988307,5.73848872929122,-8.409505864467539,213.08384816970596,26.482784645852558,21.392058562729595,-1.9941717981335252,245.6472653365487,3.1384843923990298,109.05835950726507,0.18619279032276176,218.89409096921108,20.82832649850227,30.67176453750013,-2.4202387353227808
10,37,0.5,4.0,4,0.74,39.09367014943237,-15.561787288858298,5.7559463838389915,-8.491082959109889,212.89584842601,26.303243249467336,21.498669550494498,-1.9985790217822461,245.33575897676536,2.166788392195381,109.09980116321272,-0.7242309395150169,219.21261257475734,21.32471349782211,30.866832558645264,-2.203538888204321
10,37,0.5,4.0,5,0.74,38.98988308045766,-15.502471029449552,5.734215766313211,-8.457181934304055,213.01563260154194,26.49081421181963,21.42912900168968,-1.99948913493308,244.20076034140865,1.9966689311160188,108.3191582112473,-0.5876259909672549,219.49571628620416,21.619948503206768,30.88676264495773,-2.2289792876155787
10,37,0.5,4.0,6,0.74,39.032989444440666,-15.566113590779,5.739707186958827,-8.472582770361377,212.6505313243734,26.11246530099711,21.36429754625727,-2.1408793118827427,245.10245132201734,2.360900058307871,109.62316634082318,0.7244652247007768,218.83382963973776,20.950395978189395,30.973519718095293,-2.1234744318420224
10,37,0.6,4.0,1,0.74,40.08904774425577,-15.666466588886186,6.017398067090518,-9.054178386189225,207.22906992697213,24.0719740172974,21.25202767372881,-2.2477912706243415,252.20341471461134,2.438117870266892,117.14831621209694,0.6309419259559542,221.1721930620741,23.23010428932934,29.571229301028957,-2.2200648309318796
10,37,0.6,4.0,2,0.74,40.08849397958652,-15.579362007154106,6.031974083169519,-8.965408857492097,207.29434341712886,24.216352961433557,21.46708591539121,-2.0756062291410777,252.0733413084391,3.2381086796955416,117.31696855775981,1.6799073683845975,220.24578762728265,22.21278479236774,29.363741011081498,-2.4163282948571
10,37,0.6,4.0,3,0.74,40.124626635210014,-15.65996786870154,6.010180960538318,-9.036041015744614,207.5817762669298,24.463796336438065,21.39333574534222,-2.1739097232753366,252.07893133798652,2.638666484247105,116.16445712052496,-0.014841499061257712,220.43140347678082,22.28486810716085,29.225164049286242,-2.625041499023768
10,37,0.6,4.0,4,0.74,40.09837971061084,-15.548839687899507,6.016080334653776,-8.93859943296208,207.350415523301,24.182430141121916,21.325970627564015,-2.124479018846323,250.96818194060853,2.434134229896604,116.61110635803357,1.166360325755623,220.22116256373107,22.143092650760206,29.228381879128868,-2.532325842041245
10,37,0.6,4.0,5,0.74,40.131084962019706,-15.591909903140888,6.0246854675357895,-8.954622296965145,207.33057299639722,24.20593343708786,21.224789916872464,-2.2717669984852673,252.0308501126495,2.3801133290192347,115.80399398778157,-0.15237038077382498,220.501122444045,22.577944890493434,29.364968275509717,-2.4060260138493543
10,37,0.6,4.0,6,0.74,40.16857606154702,-15.577607654477536,6.053260120859942,-8.996975010989221,207.16629912528688,24.122195945655765,21.31363628204867,-2.2037794562423825,251.49631460822707,1.898830595789552,116.95241194099094,0.44774953999435374,220.36235438073314,22.41243646148628,29.35489061496425,-2.4519605643068516
10,37,0.7,4.0,1,0.74,41.159532297172596,-15.598672837702333,6.319419270936625,-9.494306071812478,201.98618475785014,22.358014138501026,21.289611517953972,-2.255776391880653,257.7813370651314,2.944637262079037,123.14252439728887,1.1029662775704705,221.07696145298172,22.40153754570001,27.940019303995747,-2.990801290805095
10,37,0.7,4.0,2,0.74,41.195237327814816,-15.540174004774546,6.336192844636955,-9.422262866720386,202.04046265852668,22.329848990620782,20.833318074847114,-2.625753337519167,256.8139399296034,2.539697247062713,123.26537878911445,1.5959825199743816,221.5307377950196,22.712219874787095,28.064971724474947,-2.7823384685561807
10,37,0.7,4.0,3,0.74,41.11045997736094,-15.440785342180376,6.28521321408439,-9.387500604899701,201.6255095706175,22.085444204241213,21.127180202439934,-2.288354349143321,255.69210304257936,1.6547995428182503,121.85912295015846,0.3673404686955011,220.98531876572582,22.46064717319673,27.994998952731986,-2.8466105515286473
10,37,0.7,4.0,4,0.74,41.13327825894358,-15.521879552755223,6.298423135929225,-9.475947863778936,201.551677343199,21.930261343749933,21.134496716176358,-2.3341519501424512,255.8101658414439,1.9361597418536802,122.4549602931988,0.8286198343999324,220.8316669055942,22.27723727058189,28.086444140060774,-2.8558509112194637
10,37,0.7,4.0,5,0.74,41.098393857351205,-15.424090238940035,6.286753208226396,-9.30539432219278,201.53454442055462,21.906599232092873,20.972902163241212,-2.4005152616887844,256.6733809749634,3.2995490029339423,122.42806067611491,1.7299672271154254,220.92166682520525,22.409470394673114,27.892890340173143,-2.824203796590612
10,37,0.7,4.0,6,0.74,41.11975476743399,-15.475968633530112,6.309689719459998,-9.422775526986548,201.80379510089,22.121166063948063,21.259830204983558,-2.2662980126547727,255.2973964078457,1.8403247806381493,121.4436338192631,0.2878443257866188,220.66231875053023,22.368197219728035,27.86590769482434,-2.999335266968557
10,39,0.5,4.0,1,0.78,37.14954475745267,-15.748759367772877,5.089420641053157,-7.137270108912245,214.72309618143754,31.906940522508926,20.759458763708643,0.215511889497559,232.72741760956396,4.567361228084204,90.85765545122669,0.5272068468764823,219.47348195606565,23.518852679033436,30.04848960965284,-1.4164627267102903
10,39,0.5,4.0,2,0.78,37.099788841415716,-15.85869920164788,5.085761977901159,-7.139642209590326,214.8512426475967,32.015251112750896,20.602475217986413,0.05718758883477533,232.29641249733305,3.6861185306981197,91.06583731845457,0.9099737324944737,219.50677580364814,23.62643177574885,29.888496278543187,-1.5599720451753538
10,39,0.5,4.0,3,0.78,37.152802257633304,-15.782244946042917,5.091704693812598,-7.109556402348076,215.12528776021162,32.08511791608231,20.680834284135777,0.08299906477413235,231.92631305080778,4.1373502146766885,90.51117860876596,0.7194125056001903,219.3327777393783,23.10049276417946,29.782868148164784,-1.695785897496601
10,39,0.5,4.0,4,0.78,37.14138778437373,-15.854216310879707,5.099779381773128,-7.150334035456632,214.97945848485307,32.19568927990769,20.722154483610137,0.1766493418774727,232.1623060100817,3.6041851596166117,90.53449556674616,0.26136588907670555,218.84949997182656,23.021222066309996,29.875039945775065,-1.575704306249481
10,39,0.5,4.0,5,0.78,37.11776215202492,-15.85415901845958,5.079343517272421,-7.185234144610587,215.02831226044742,32.09750546991717,20.726722545299737,0.16260241125335423,230.88327817309397,2.949151805900687,90.70798843565731,0.6296616625601769,219.8030225579077,23.741035558156874,29.978422222970472,-1.528941179596756
10,39,0.5,4.0,6,0.78,37.18117986790603,-15.85571990087764,5.107466586194259,-7.134847621295757,214.92431151063693,31.942284346814084,20.646973242630615,0.03873918304805702,232.01399955947826,3.723605038678984,90.72694242473146,0.6266999205366623,219.59648037601127,23.572396893954913,29.885109227937175,-1.5645183267117517
10,39,0.6,4.0,1,0.78,38.21953751934936,-15.714504290314864,5.296205309934772,-7.457791606861346,208.8015430621389,29.262826028018548,20.190110400700263,-0.14991285416115122,233.02916573569215,1.942553299033247,93.09595899467438,0.26812046670610556,221.13925868026536,24.5476095238017,28.502422569871346,-1.6580192528265585
10,39,0.6,4.0,2,0.78,38.223927515752536,-15.767759341254745,5.308110180139292,-7.482194307030443,209.1501434439389,29.849273490482414,20.256240877339437,-0.04299999539452748,233.69117681496604,2.217014697497718,92.99036509388334,0.17554981412845652,221.00744183835272,24.39115811286127,28.78512798363725,-1.4384067921852206
10,39,0.6,4.0,3,0.78,38.07395390606884,-15.608167164211007,5.283036062372856,-7.312577499552776,208.70862005678754,29.485084868331846,20.16098619572419,-0.04348935990584442,231.8187505995777,2.6210433398316644,91.29809917628552,0.17145732814092035,220.5817456787482,24.223887359456306,28.39329162657831,-1.7064841275014608
10,39,0.6,4.0,4,0.78,38.10952863966939,-15.716875416909513,5.270861569529538,-7.428258767824699,209.16721655569063,29.709372714514863,20.221037316761134,-0.09425809378926324,232.3027005580237,2.3279721870933314,92.50904848849186,0.7760963919160742,220.52940419121234,24.051819005739475,28.359065142880375,-1.8029049503425518
10,39,0.6,4.0,5,0.78,38.151209310765786,-15.7916889686692,5.281585464682249,-7.437600877298481,209.22980448787348,29.875844015320315,20.214873867428565,-0.05710996320877861,233.92702062497696,3.105471536165111,92.53165344391111,0.5129119887173416,221.38812485709337,24.706477679049566,28.54439888046175,-1.731243926788848
10,39,0.6,4.0,6,0.78,38.14182594415684,-15.697207907337011,5.292638576003865,-7.3891942500456524,208.82869559336987,29.530362133506877,20.163730911746672,-0.059559752282169275,233.71001611979085,3.2189843548795425,93.09834572627292,1.0908337520244162,220.51856397534115,24.099432296145977,28.24205097405263,-1.8588863323767868
10,39,0.7,4.0,1,0.78,39.07756642814478,-15.574450186663345,5.464642425622513,-7.706254614111677,201.59099562665122,24.326836536475888,19.771044595436997,-1.248022404936527,226.9405609784488,2.0756004684428575,95.9802352635003,0.5064522804789025,222.68577287749758,27.372872889501657,26.78904397808003,-0.6835962874108183
10,39,0.7,4.0,2,0.78,39.15974485429404,-15.481022076408228,5.478887126263848,-7.6714307705904705,201.38828084630353,24.31799801969229,19.607048973790565,-1.27338892438449,227.19644111817183,1.8357238738028898,95.60586376232277,0.023897062946620064,222.09723185571147,26.719041835043946,26.627898534314152,-0.8686608034721868
10,39,0.7,4.0,3,0.78,39.08531206220152,-15.470065813723801,5.4687097266714915,-7.700084804698724,201.57812638950367,24.50655051166385,19.662601947510247,-1.273802818832889,226.4623439483843,1.1752622088428346,94.58030643069742,-0.8730377414159933,222.3122680616506,27.01603112444463,26.753398326327634,-0.6967763066559993
10,39,0.7,4.0,4,0.78,39.10119074474108,-15.464428149853992,5.448026076025423,-7.6825769537573105,201.63495240240516,24.338270738948097,19.619474876331974,-1.3268538489874602,227.45106362111522,2.5897502038970224,95.42748268335426,0.05003586806251496,221.76454958355276,26.438900953765444,26.610756730618483,-0.8367243989681299
10,39,0.7,4.0,5,0.78,39.11065750047025,-15.425664454646071,5.463022228882194,-7.648012417259086,201.26061320785084,24.32896139772086,19.76421226812986,-1.1683956877310955,226.5975016408557,1.5053771744922742,94.58925313686612,-0.6686676930301007,222.51747314604373,27.022150948025217,26.790428472403086,-0.6821049774386354
10,39,0.7,4.0,6,0.78,39.227319614476365,-15.660002792527255,5.532327922884394,-7.802179397983108,201.51561007541255,24.565066069602526,19.610625385110087,-1.3853423648171947,228.50193141094843,1.718159461328836,96.32245115989569,-0.42758056776790754,222.82307732557265,27.27938173148116,26.796665725340336,-0.7832801596051227
10,41,0.5,4.0,1,0.82,35.45440658818542,-16.058614455793393,4.5964131974767755,-6.12720373995121,216.84354892714728,37.52722128379007,20.249125019841948,1.9303173701914118,225.1739442473758,4.626648246185815,81.75866434890378,1.288095941451046,219.80726719657113,25.752809830672412,29.186579581703235,-0.7715266945194897
10,41,0.5,4.0,2,0.82,35.4872903543405,-16.130729081362617,4.598161900975313,-6.167533774190846,217.09612229364149,37.74094892410461,20.209405739312736,1.8952036818814164,224.97465920723948,4.824806173855196,81.67852023587861,1.3232428829843728,219.94373684854705,25.146624046377482,28.989491957666587,-1.1646925976713267
10,41,0.5,4.0,3,0.82,35.4334181356875,-15.986615342773229,4.5724969663233725,-6.075008973527777,216.8120921195924,37.44499243121537,20.206094727860066,1.8875047713643607,222.71711689789032,3.3064812020830994,80.0543003060492,0.3915002914572688,219.42783743165083,25.140272865729866,29.09649138546415,-0.8596835542731807
10,41,0.5,4.0,4,0.82,35.49775222976181,-16.054612140700453,4.604727986043008,-6.098716725152499,217.05454833722132,37.586210607416014,20.250144387364745,1.9296034721879267,224.9130136028346,5.534147946232081,80.74466182489897,0.9200171557110309,220.59842713444664,26.39452930164929,29.13601551094779,-0.8378125470973077
10,41,0.5,4.0,5,0.82,35.49978437038169,-16.06407298021985,4.604737481279628,-6.091676689566872,216.93565242729733,37.58406968979301,20.177759876802796,1.8701088684357967,223.21758851222665,3.62768751286685,80.24128387794806,0.3679209499683256,220.56710536946989,26.12099918270181,29.288666280703808,-0.6791833151525802
10,41,0.5,4.0,6,0.82,35.54698196990838,-16.038863615963855,4.636658034743635,-6.094310858128919,217.11790222426276,37.52047237811727,20.22115160551173,1.8788000538893002,224.75665576607372,5.147286512060333,80.86961037379123,0.7720143802197368,219.85238376284798,25.493161811015753,29.20964591599911,-0.7487940419444026
10,41,0.6,4.0,1,0.82,36.488395062511266,-15.861791275422604,4.7215946558975945,-6.25774674403768,211.33423476039735,35.247002192466894,19.577580964783046,1.7926786301150663,226.74273995762263,3.251599395937545,84.38886149407745,0.957568209327339,222.14591264568193,26.425017441358268,27.608954424307505,-1.2719280121538818
10,41,0.6,4.0,2,0.82,36.47945496902131,-15.856429538125003,4.732831496969847,-6.245649644947228,210.82634407168084,34.96379058666061,19.547357469487828,1.7562788957355462,226.34410820346662,3.175265277975831,84.01071563782207,0.8419507380130158,221.03439185553393,25.838526598738024,27.61817265247074,-1.2566559289085693
10,41,0.6,4.0,3,0.82,36.48047631473467,-15.861339053520371,4.725637586688647,-6.257804161921361,211.08603247572677,35.17136003285285,19.604197039111554,1.8337766577996,228.4533609178805,5.245526893717823,84.2747988270082,1.1454647202002477,220.96972954352182,25.647896020664724,27.655437402840484,-1.2037863863514455
10,41,0.6,4.0,4,0.82,36.51899552550662,-15.928743250728076,4.7374799979746935,-6.329043122959208,210.6029036383502,34.91409291011795,19.572715769441338,1.8014855152059024,228.1742078373693,4.489283330791222,84.66275085056994,0.8935165238368719,221.16649118683964,25.82454516974159,27.89704520913033,-1.044421219884285
10,41,0.6,4.0,5,0.82,36.52476717533598,-15.920477632686863,4.755008938051968,-6.270701166326691,210.65984563809525,35.163385643586956,19.613373652503892,1.8562879746681542,228.63639580186245,4.473862352647544,84.51162303009906,1.0124302927421955,221.3573849368779,25.924851577474044,27.75309638017178,-1.120927847593617
10,41,0.6,4.0,6,0.82,36.485450153334895,-15.820131465392652,4.735864360623841,-6.246627743009638,211.18999168610412,35.305144167609306,19.597418972496122,1.8307398984210352,228.899964396726,5.497738023895259,85.03406168063687,1.6611857404839931,220.85147339881715,25.608021684336723,27.74352439122564,-1.0837050337899736
10,41,0.7,4.0,1,0.82,37.351378663909856,-15.619524573335392,4.861770579755301,-6.3779589494912035,202.83875628062674,28.7636313653475,18.946191113557546,0.282083493681278,208.88718564640652,3.4862712434361756,77.1536103499075,0.36897020349243637,223.49482904968008,29.719070624966434,26.248194511911244,0.2552162469236712
10,41,0.7,4.0,2,0.82,37.39916799495482,-15.594896357177976,4.853058388038174,-6.407897307034531,202.25785205265134,28.218344425488777,18.892004266830465,0.1800991820015461,208.0995020441407,2.8572586167916385,77.2141016632614,0.27402081750289786,223.25658333246457,29.365896493680207,26.185494240444438,0.11788227928580522
10,41,0.7,4.0,3,0.82,37.343820669825064,-15.556518737881865,4.860692202421875,-6.3900105885771,202.171380836936,28.040243401818277,18.690114014336267,0.01673280609242845,206.47368232259797,2.071174708691595,76.82946658111555,0.27244851072636067,222.9189045267473,29.33225175605518,26.24180418842219,0.28031747609011026
10,41,0.7,4.0,4,0.82,37.37599167079127,-15.539660363187654,4.85365366530838,-6.376222406616406,202.462799699969,28.368670853232878,18.75006738468847,0.14847727335165584,208.4993089180429,3.675031919354396,76.97054808831021,0.23049648678333093,222.9463630741071,29.003054650830318,26.117086870263222,0.07274630503104676
10,41,0.7,4.0,5,0.82,37.42321345305713,-15.618870748686756,4.863301497954565,-6.405871743117112,202.24166606358799,28.37180095661011,18.830337352813093,0.1900588925201235,208.16210774553764,2.5454829338561566,77.47962105403471,0.26212045309569354,224.1122512416427,30.04393627358271,26.26276911210915,0.23351867633480214
10,41,0.7,4.0,6,0.82,37.386250254926935,-15.655391747990919,4.863567456974647,-6.435202477888519,202.49314591030617,28.600476322166628,18.835496683994435,0.19714016704776355,207.85057238279538,2.3375992558887346,77.12258936193882,0.08753007627163692,223.30422605256732,29.418020204773192,26.086073090302136,0.05405365962953208
