L,n,U,delta,dtot_raw,net,nk,dtot_N,son,sext,d,dxy
10,1.0,0.0,0.1,0.0,0.0,100,0.0,-0.0,0.0,-0.0,0.0
10,1.0,0.0,0.2,0.0,0.0,100,0.0,-0.0,0.0,0.0,-0.0
10,1.0,0.0,0.3,0.0,0.0,100,0.0,-0.0,0.0,-0.0,0.0
10,1.0,0.0,0.4,0.0,0.0,100,0.0,0.0,0.0,0.0,0.0
10,1.0,0.0,0.5,0.0,0.0,100,0.0,0.0,-0.0,-0.0,0.0
10,1.0,0.0,0.6,0.0,0.0,100,0.0,-0.0,0.0,-0.0,-0.0
10,1.0,0.0,0.7,0.0,0.0,100,0.0,0.0,0.0,-0.0,0.0
10,1.0,2.0,0.1,6.613680734999999,2.3100000001718968e-07,100,0.06613680735,-0.09549034,0.282009898,0.057913929,0.027036445
10,1.0,2.0,0.2,2.2170260760000007,-4.19999997003373e-08,100,0.022170260760000008,-0.11951149,0.268361338,0.020582023,0.133608232
10,1.0,2.0,0.3,1.8239159820000004,1.6000000027660555e-07,100,0.018239159820000003,-0.11367061,0.248877834,0.016508891,0.160550189
10,1.0,2.0,0.4,0.4218736840000001,2.000000231400234e-09,100,0.004218736840000001,-0.107964622,0.229678963,0.033501522,0.182711785
10,1.0,2.0,0.5,0.36619713600000015,1.7999999726847626e-08,100,0.0036619713600000016,-0.10279822,0.212032206,0.035677397,0.181465476
10,1.0,2.0,0.6,0.3174860679999993,1.0000000001675335e-08,100,0.0031748606799999928,-0.09802241,0.196400279,0.031936318,0.176826315
10,1.0,2.0,0.7,0.26535099399999923,8.000000151914266e-09,100,0.0026535099399999924,-0.093724849,0.182790124,0.028816484,0.170667426
10,1.0,3.5,0.1,2.4323396830000004,-1.389999996215252e-07,100,0.024323396830000003,-0.076261233,0.433035714,0.198134541,-0.014693256
10,1.0,3.5,0.2,4.585427865,-2.869999999322026e-07,100,0.04585427865,-0.081100089,0.426536579,0.190646054,0.011547335
10,1.0,3.5,0.3,2.5246926429999994,1.5699999977858425e-07,100,0.025246926429999993,-0.154058128,0.428341468,0.064027287,0.280198237
10,1.0,3.5,0.4,3.6455801119999998,-2.0199999947734248e-07,100,0.03645580112,-0.117585481,0.392460917,0.180950121,0.224927304
10,1.0,3.5,0.5,0.8283972710000004,-2.9000000061063513e-08,100,0.008283972710000004,-0.146439524,0.366731406,0.063404801,0.325066628
10,1.0,3.5,0.6,0.7276373359999998,-2.3999999806956218e-08,100,0.007276373359999998,-0.141521374,0.33983405,0.053262878,0.318067252
10,1.0,3.5,0.7,0.6111134340000005,-2.6000000125092626e-08,100,0.006111134340000005,-0.136817372,0.3161991,0.051612425,0.307101468
10,1.0,3.0,0.1,2.384538134,-1.0400000029220369e-07,100,0.02384538134,-0.07772535,0.389925479,0.167940084,-0.007687158
10,1.0,3.0,0.2,8.117279232,8.999999989711682e-08,100,0.08117279231999999,-0.111231699,0.389723897,0.105044621,0.075416867
10,1.0,3.0,0.3,6.366691770999998,-6.2999999939084e-08,100,0.06366691770999998,-0.112367506,0.366470931,0.107183818,0.144153537
10,1.0,3.0,0.4,0.6502548290000002,-4.999999789201404e-09,100,0.006502548290000002,-0.13989856,0.342378426,0.048658727,0.278152848
10,1.0,3.0,0.5,0.5881675069999998,-1.1000000195438009e-08,100,0.005881675069999997,-0.134633075,0.316488504,0.049998554,0.277171999
10,1.0,3.0,0.6,0.5034693489999998,7.0000004716297415e-09,100,0.005034693489999999,-0.129519475,0.293243839,0.048505146,0.270961792
10,1.0,3.0,0.7,0.4455582540000006,-3.999999557274814e-09,100,0.004455582540000006,-0.124695697,0.272716168,0.047317441,0.261933507
10,1.0,4.5,0.1,2.2765508910000003,-1.369999999972782e-07,100,0.022765508910000003,-0.066471564,0.477505688,0.22811523,-0.022140788
10,1.0,4.5,0.2,4.471083999999999,-2.840000003223597e-07,100,0.044710839999999995,-0.07159228,0.482328998,0.221429703,-0.007709074
10,1.0,4.5,0.3,6.325218791999999,-4.540000000385902e-07,100,0.06325218792,-0.08074105,0.487659936,0.223055082,0.026042956
10,1.0,4.5,0.4,7.162041937999999,-4.780000004145357e-07,100,0.07162041938,-0.092810149,0.473412463,0.203695933,0.090039048
10,1.0,4.5,0.5,4.544470269,-2.6099999983486555e-07,100,0.04544470269,-0.125001946,0.452933583,0.193442765,0.291299339
10,1.0,4.5,0.6,1.4076213220000002,-8.400000067743107e-08,100,0.014076213220000001,-0.15772892,0.427278778,0.084465358,0.408718776
10,1.0,4.5,0.7,1.0954781240000002,-6.000000027372998e-08,100,0.010954781240000003,-0.154214205,0.398609597,0.076822126,0.396795602
10,1.0,4.0,0.1,2.3922107529999996,-1.530000003358012e-07,100,0.023922107529999997,-0.070595209,0.457364818,0.204291873,-0.018102497
10,1.0,4.0,0.2,4.542133625999999,-3.1600000019449404e-07,100,0.04542133625999999,-0.077755542,0.462718489,0.224538962,-0.001316453
10,1.0,4.0,0.3,6.057852573,-4.3899999990770766e-07,100,0.06057852573,-0.086485276,0.455708848,0.201111457,0.043684414
10,1.0,4.0,0.4,4.2607592720000005,-2.599999997521252e-07,100,0.042607592720000004,-0.121709266,0.440612546,0.18675053,0.247875373
10,1.0,4.0,0.5,1.2160741040000005,-7.399999961410497e-08,100,0.012160741040000004,-0.155296461,0.414703102,0.077715562,0.371258339
10,1.0,4.0,0.6,0.9645220360000003,-4.999999951571521e-08,100,0.009645220360000003,-0.151126521,0.384499566,0.070906453,0.36405956
10,1.0,4.0,0.7,0.8222835969999998,-3.700000046624741e-08,100,0.008222835969999998,-0.146784129,0.358662131,0.059948477,0.352946506
10,1.0,5.0,0.1,2.1042650509999996,-9.500000038020762e-08,100,0.021042650509999997,-0.062902914,0.494366269,0.252494326,-0.025298536
10,1.0,5.0,0.2,4.151240283000001,-2.6100000005691015e-07,100,0.04151240283000001,-0.065238892,0.493502029,0.240905331,-0.01463161
10,1.0,5.0,0.3,6.141941769,-3.950000000418896e-07,100,0.06141941769,-0.073533945,0.506640004,0.245386721,0.009707071
10,1.0,5.0,0.4,7.767952398000001,-5.319999992758895e-07,100,0.07767952398000001,-0.083723245,0.49836862,0.23470705,0.059510332
10,1.0,5.0,0.5,5.5357500360000005,-3.239999998294607e-07,100,0.055357500360000006,-0.125795719,0.493168536,0.210639308,0.307601462
10,1.0,5.0,0.6,4.663168583000001,-2.389999999574677e-07,100,0.04663168583000001,-0.128352166,0.461973392,0.201516491,0.333579849
10,1.0,5.0,0.7,1.4453304479999995,-8.59999998437111e-08,100,0.014453304479999995,-0.160093187,0.437384128,0.088139123,0.440932222
8,1.0,0.0,0.1,0.0,0.0,64,0.0,0.0,-0.0,-0.0,0.0
8,1.0,0.0,0.2,0.0,0.0,64,0.0,0.0,-0.0,-0.0,0.0
8,1.0,0.0,0.3,0.0,0.0,64,0.0,-0.0,0.0,-0.0,0.0
8,1.0,0.0,0.4,0.0,0.0,64,0.0,0.0,0.0,0.0,-0.0
8,1.0,0.0,0.5,0.0,0.0,64,0.0,-0.0,0.0,-0.0,0.0
8,1.0,0.0,0.6,0.0,0.0,64,0.0,-0.0,0.0,-0.0,-0.0
8,1.0,0.0,0.7,0.0,0.0,64,0.0,0.0,0.0,-0.0,-0.0
8,1.0,2.0,0.1,2.4328073620000006,-8.000000399112361e-09,64,0.03801261503125001,-0.080654428,0.274304372,0.076492916,0.007942749
8,1.0,2.0,0.2,2.0841308270000005,-8.500000062833246e-08,64,0.03256454417187501,-0.114663285,0.26361508,0.017127553,0.115029262
8,1.0,2.0,0.3,1.6662387800000005,-6.999999985907168e-08,64,0.026034980937500007,-0.109673104,0.247018267,0.015196902,0.155054308
8,1.0,2.0,0.4,0.2561257170000002,2.300000032443017e-08,64,0.004001964328125003,-0.104038396,0.229340142,0.037240809,0.181573572
8,1.0,2.0,0.5,0.25685438699999985,2.900000023453586e-08,64,0.004013349796874998,-0.099122359,0.213189646,0.038166895,0.177650304
8,1.0,2.0,0.6,0.29188864699999995,2.5000000118680088e-08,64,0.004560760109374999,-0.094548552,0.198604136,0.03633148,0.171692808
8,1.0,2.0,0.7,0.22944736700000004,3.100000010858306e-08,64,0.0035851151093750006,-0.090582914,0.186292782,0.062458291,0.164588193
8,1.0,3.5,0.1,1.195011879,8.100000013083752e-08,64,0.018672060609375,-0.071772676,0.424311083,0.192481598,-0.014048118
8,1.0,3.5,0.2,2.1907406729999996,7.300000020443731e-08,64,0.034230323015624994,-0.07596872,0.419580009,0.188886288,0.004064937
8,1.0,3.5,0.3,4.2068397079999995,9.99999998502199e-08,64,0.06573187043749999,-0.102082508,0.414249039,0.166831372,0.096440608
8,1.0,3.5,0.4,0.5728466490000003,-2.0999999999354868e-08,64,0.008950728890625004,-0.147819329,0.396752437,0.074981793,0.324589003
8,1.0,3.5,0.5,0.5305211530000004,4.099999993852077e-08,64,0.008289393015625006,-0.142461512,0.36770481,0.070443321,0.318542386
8,1.0,3.5,0.6,0.49120519100000004,2.5000000167252345e-08,64,0.007675081109375001,-0.137776611,0.344161071,0.064008439,0.308904192
8,1.0,3.5,0.7,0.421722444,2.600000010254122e-08,64,0.0065894131875,-0.133262438,0.32226854,0.06428082,0.297136909
8,1.0,3.0,0.1,1.1103054779999997,6.399999998366046e-08,64,0.017348523093749995,-0.073145056,0.382815803,0.17223834,-0.010341285
8,1.0,3.0,0.2,3.435168376999999,-1.699999995115331e-08,64,0.05367450589062499,-0.096460637,0.381399181,0.134508969,0.032465078
8,1.0,3.0,0.3,1.7185578289999999,-7.499999980266348e-08,64,0.026852466078124998,-0.141077809,0.367432981,0.042325281,0.234976427
8,1.0,3.0,0.4,0.4325847899999997,2.5999999713963162e-08,64,0.006759137343749996,-0.135949366,0.342085437,0.059605635,0.276654795
8,1.0,3.0,0.5,0.3752775380000003,2.1999999525249003e-08,64,0.005863711531250005,-0.130686971,0.318309193,0.057455295,0.27198033
8,1.0,3.0,0.6,0.4146806239999997,1.7999999657458687e-08,64,0.006479384749999996,-0.125648614,0.296573641,0.058969034,0.263439078
8,1.0,3.0,0.7,0.3306782930000003,2.2999999942791005e-08,64,0.0051668483281250045,-0.120980009,0.277896047,0.049344145,0.25252693
8,1.0,4.5,0.1,1.192897908,8.000000054075862e-08,64,0.0186390298125,-0.065191093,0.473679953,0.223487334,-0.021712558
8,1.0,4.5,0.2,2.288790087,4.1000000165769546e-08,64,0.035762345109375,-0.069552751,0.479146761,0.230710061,-0.010322359
8,1.0,4.5,0.3,3.2647978680000005,7.799999995894424e-08,64,0.05101246668750001,-0.074664995,0.474273056,0.226528599,0.015831865
8,1.0,4.5,0.4,3.0186492,6.400000031325792e-08,64,0.04716639375,-0.105097979,0.475359894,0.224690171,0.169997202
8,1.0,4.5,0.5,2.8946640190000004,1.0100000077256643e-07,64,0.045229125296875006,-0.109907508,0.451731717,0.239779307,0.206111445
8,1.0,4.5,0.6,0.7943038759999996,1.9999999462116946e-08,64,0.012410998062499994,-0.154966165,0.432228112,0.104789113,0.399761857
8,1.0,4.5,0.7,0.6822995520000004,1.9999999670283763e-08,64,0.010660930500000006,-0.150883554,0.405498811,0.094364333,0.383904307
8,1.0,4.0,0.1,1.217669987,6.700000044351784e-08,64,0.019026093546875,-0.068848181,0.453696263,0.214617644,-0.018886761
8,1.0,4.0,0.2,2.3219832400000007,8.000000051994194e-08,64,0.03628098812500001,-0.072708861,0.45306028,0.211064868,-0.004097599
8,1.0,4.0,0.3,3.092415263,9.299999989206831e-08,64,0.048318988484375,-0.079122547,0.44502657,0.204462764,0.026983776
8,1.0,4.0,0.4,2.841892187,6.500000051049004e-08,64,0.044404565421875,-0.105041315,0.435350791,0.225510647,0.163773017
8,1.0,4.0,0.5,0.7107568239999998,1.8000000320123055e-08,64,0.011105575374999998,-0.151711475,0.416670455,0.089493673,0.3635173
8,1.0,4.0,0.6,0.5984129199999999,3.200000013581228e-08,64,0.009350201874999998,-0.147423561,0.388933372,0.081212391,0.354247718
8,1.0,4.0,0.7,0.5330321549999997,2.0999999912618694e-08,64,0.008328627421874995,-0.143269815,0.36530345,0.081382186,0.340876836
8,1.0,5.0,0.1,1.1301790969999999,6.099999983605331e-08,64,0.017659048390624998,-0.062104365,0.492369631,0.247950895,-0.023456654
8,1.0,5.0,0.2,2.2366608809999997,7.100000021936781e-08,64,0.034947826265624996,-0.064772649,0.493559136,0.247155045,-0.017446149
8,1.0,5.0,0.3,3.1966763239999993,8.400000015007514e-08,64,0.04994806756249999,-0.071432636,0.500072736,0.25577692,0.003725415
8,1.0,5.0,0.4,3.9198112709999995,7.699999993865392e-08,64,0.06124705110937499,-0.081336092,0.49926753,0.245264616,0.048314761
8,1.0,5.0,0.5,3.4704913919999996,3.799999976489277e-08,64,0.05422642799999999,-0.108629523,0.487493543,0.247566372,0.209474112
8,1.0,5.0,0.6,2.9248306270000004,5.899999980241155e-08,64,0.045700478546875006,-0.112796387,0.457492316,0.273748083,0.248324978
8,1.0,5.0,0.7,0.918669075,2.6999999822724385e-08,64,0.014354204296875,-0.156010741,0.441364103,0.104272573,0.426896655
12,1.0,0.0,0.1,0.0,0.0,144,0.0,0.0,-0.0,-0.0,-0.0
12,1.0,0.0,0.2,0.0,0.0,144,0.0,0.0,0.0,-0.0,-0.0
12,1.0,0.0,0.3,0.0,0.0,144,0.0,-0.0,-0.0,-0.0,-0.0
12,1.0,0.0,0.4,0.0,0.0,144,0.0,0.0,0.0,0.0,0.0
12,1.0,0.0,0.5,0.0,0.0,144,0.0,0.0,-0.0,-0.0,0.0
12,1.0,0.0,0.6,0.0,0.0,144,0.0,-0.0,0.0,0.0,-0.0
12,1.0,0.0,0.7,0.0,0.0,144,0.0,0.0,0.0,0.0,0.0
12,1.0,2.0,0.1,8.680385982,1.5820000004995727e-06,144,0.06028045820833334,-0.10622456,0.284346386,0.046870414,0.017359874
12,1.0,2.0,0.2,11.582022061,1.4990000005710158e-06,144,0.08043070875694444,-0.101387757,0.269836989,0.038903561,0.073015779
12,1.0,2.0,0.3,2.057176642000001,1.299999999732071e-07,144,0.014285948902777783,-0.115899432,0.249585004,0.020589607,0.165072104
12,1.0,2.0,0.4,0.44240599200000064,-1.1999999289385999e-08,144,0.0030722638333333377,-0.110011924,0.229221828,0.022896459,0.182875144
12,1.0,2.0,0.5,0.3773264330000001,7.000000262595563e-09,144,0.00262032245138889,-0.104689685,0.211165838,0.019515466,0.182798458
12,1.0,2.0,0.6,0.4164787949999998,-6.999999718759753e-09,144,0.002892213854166665,-0.100011094,0.195483959,0.020053445,0.179415847
12,1.0,2.0,0.7,0.3033521410000004,9.999998329401905e-10,144,0.002106612090277781,-0.095582769,0.181542202,0.021002399,0.173618306
12,1.0,3.5,0.1,4.102447206999999,9.100000017761567e-08,144,0.028489216715277772,-0.076884577,0.433107655,0.18535332,-0.012611635
12,1.0,3.5,0.2,7.518391907000001,2.149999997758112e-07,144,0.05221105490972223,-0.085288497,0.431500453,0.177106868,0.01698043
12,1.0,3.5,0.3,9.823404757999999,-8.140000007927917e-07,144,0.06821808859722221,-0.126411244,0.422798536,0.107102208,0.196092567
12,1.0,3.5,0.4,4.820713405,1.8500000027732444e-07,144,0.033477176423611116,-0.126409556,0.392748555,0.140499293,0.265194033
12,1.0,3.5,0.5,1.1796338970000004,4.099999972514978e-08,144,0.008191902062500003,-0.148425547,0.365972049,0.059250751,0.327154838
12,1.0,3.5,0.6,0.9776099200000001,2.1999999599842113e-08,144,0.006788957777777779,-0.143670415,0.338904194,0.050897178,0.321835744
12,1.0,3.5,0.7,0.8130793119999995,2.000000121071821e-08,144,0.005646384111111107,-0.139031364,0.314572396,0.045282279,0.312158337
12,1.0,3.0,0.1,4.031493155,9.900000083606919e-08,144,0.027996480243055552,-0.080599954,0.39369183,0.159774721,-0.006531306
12,1.0,3.0,0.2,13.189997264999999,-1.261000000141177e-06,144,0.09159720322916666,-0.119661004,0.394299733,0.08744347,0.096368521
12,1.0,3.0,0.3,2.5970551339999997,-3.000000024788729e-08,144,0.01803510509722222,-0.146647548,0.371700515,0.047170392,0.248299341
12,1.0,3.0,0.4,0.9996503250000003,3.0999999997560757e-08,144,0.0069420161458333355,-0.141896016,0.34211747,0.042578753,0.27897997
12,1.0,3.0,0.5,0.8248738000000002,1.6000000071375586e-08,144,0.0057282902777777795,-0.136796855,0.315853251,0.039094969,0.279789615
12,1.0,3.0,0.6,0.6609864520000004,-5.999999681122192e-09,144,0.0045901836944444475,-0.131700032,0.292019459,0.037724116,0.274745005
12,1.0,3.0,0.7,0.5735161590000001,3.000000671493641e-09,144,0.003982751104166667,-0.1268191,0.270963665,0.037033984,0.265573504
12,1.0,4.5,0.1,3.622654517,9.699999975465445e-08,144,0.02515732303472222,-0.066292271,0.476275412,0.217696171,-0.020797957
12,1.0,4.5,0.2,7.133741912,1.979999990422976e-07,144,0.049539874388888884,-0.070761923,0.47992423,0.216669343,-0.004881698
12,1.0,4.5,0.3,10.214461093,2.629999994036014e-07,144,0.07093375759027779,-0.084179533,0.490266923,0.214583507,0.032416664
12,1.0,4.5,0.4,10.694402513,3.5299999998072984e-07,144,0.07426668411805555,-0.107232709,0.483020866,0.196061395,0.165683279
12,1.0,4.5,0.5,6.773327352000001,2.660000000265228e-07,144,0.047036995500000005,-0.13460095,0.454329199,0.151243121,0.340487702
12,1.0,4.5,0.6,5.359879887999999,1.9599999991071204e-07,144,0.03722138811111111,-0.134878953,0.422272942,0.157303895,0.352241614
12,1.0,4.5,0.7,1.5541249790000005,5.099999993152249e-08,144,0.010792534576388893,-0.156263857,0.396847369,0.068327511,0.40213133
12,1.0,4.0,0.1,3.9458190910000006,1.1900000049247517e-07,144,0.027401521465277783,-0.071801775,0.460091393,0.206504731,-0.016515776
12,1.0,4.0,0.2,7.598010819000001,2.049999997116858e-07,144,0.05276396402083334,-0.079104913,0.464719883,0.203977702,0.003696447
12,1.0,4.0,0.3,9.897124056000003,3.1000000010050766e-07,144,0.06873002816666668,-0.089821294,0.457962219,0.18947641,0.056131925
12,1.0,4.0,0.4,6.249421481000001,1.9499999984184946e-07,144,0.043398760284722226,-0.13120621,0.443474598,0.156720815,0.289398578
12,1.0,4.0,0.5,5.148888389000001,1.8100000005738526e-07,144,0.03575616936805556,-0.131039137,0.410102955,0.150317459,0.311543039
12,1.0,4.0,0.6,1.4047238830000002,5.300000014210604e-08,144,0.00975502696527778,-0.152912632,0.383409687,0.064066629,0.368156392
12,1.0,4.0,0.7,1.1437147470000002,3.900000009743332e-08,144,0.007942463520833335,-0.148672317,0.356407424,0.055824707,0.357636791
12,1.0,5.0,0.1,3.2796551050000007,7.299999991994266e-08,144,0.022775382673611115,-0.061507353,0.487637399,0.231126223,-0.021929601
12,1.0,5.0,0.2,6.70321981,1.7399999961698054e-07,144,0.04655013756944445,-0.067412323,0.502524829,0.246864591,-0.01451157
12,1.0,5.0,0.3,9.831302996000002,2.719999997319311e-07,144,0.06827293747222224,-0.073389673,0.501171909,0.228169623,0.01440315
12,1.0,5.0,0.4,12.188440031999999,3.01999999549607e-07,144,0.08464194466666666,-0.087241474,0.501873429,0.214740207,0.074162533
12,1.0,5.0,0.5,8.337730683,3.1099999983630333e-07,144,0.057900907520833336,-0.135523696,0.49766044,0.191618349,0.351745391
12,1.0,5.0,0.6,6.622107724000001,2.4000000037327496e-07,144,0.04598685919444445,-0.138262022,0.462531388,0.168512736,0.3828355
12,1.0,5.0,0.7,5.081414872,1.939999999811537e-07,144,0.035287603277777774,-0.138365037,0.431372894,0.16452612,0.3867984
