U,nup,delta,seed,Spipi,M,n
0.0,4,0.0,1,0.05555555555555558,0.2357022603955159,0.2222222222222222
0.0,4,0.0,2,0.05555555555555558,0.2357022603955159,0.2222222222222222
0.0,4,0.0,3,0.05555555555555558,0.2357022603955159,0.2222222222222222
0.0,4,0.1,1,0.05555555555555558,0.2357022603955159,0.2222222222222222
0.0,4,0.1,2,0.05555555555555558,0.2357022603955159,0.2222222222222222
0.0,4,0.1,3,0.05555555555555558,0.2357022603955159,0.2222222222222222
0.0,4,0.2,1,0.055555555555555546,0.2357022603955158,0.2222222222222222
0.0,4,0.2,2,0.055555555555555546,0.2357022603955158,0.2222222222222222
0.0,4,0.2,3,0.055555555555555546,0.2357022603955158,0.2222222222222222
0.0,4,0.3,1,0.05555555555555556,0.23570226039551584,0.2222222222222222
0.0,4,0.3,2,0.05555555555555556,0.23570226039551584,0.2222222222222222
0.0,4,0.3,3,0.05555555555555556,0.23570226039551584,0.2222222222222222
0.0,4,0.4,1,0.055555555555555546,0.2357022603955158,0.2222222222222222
0.0,4,0.4,2,0.055555555555555546,0.2357022603955158,0.2222222222222222
0.0,4,0.4,3,0.055555555555555546,0.2357022603955158,0.2222222222222222
0.0,6,0.0,1,0.08333333333333336,0.2886751345948129,0.3333333333333333
0.0,6,0.0,2,0.08333333333333336,0.2886751345948129,0.3333333333333333
0.0,6,0.0,3,0.08333333333333336,0.2886751345948129,0.3333333333333333
0.0,6,0.1,1,0.08323562234292128,0.2885058445559141,0.3333333333333333
0.0,6,0.1,2,0.08323562234292128,0.2885058445559141,0.3333333333333333
0.0,6,0.1,3,0.08323562234292128,0.2885058445559141,0.3333333333333333
0.0,6,0.2,1,0.08323864433409078,0.28851108182198265,0.3333333333333333
0.0,6,0.2,2,0.08323864433409078,0.28851108182198265,0.3333333333333333
0.0,6,0.2,3,0.08323864433409078,0.28851108182198265,0.3333333333333333
0.0,6,0.3,1,0.08327818310488899,0.28857959578752096,0.3333333333333333
0.0,6,0.3,2,0.08327818310488899,0.28857959578752096,0.3333333333333333
0.0,6,0.3,3,0.08327818310488899,0.28857959578752096,0.3333333333333333
0.0,6,0.4,1,0.08298808871279095,0.28807653273529754,0.3333333333333333
0.0,6,0.4,2,0.08298808871279095,0.28807653273529754,0.3333333333333333
0.0,6,0.4,3,0.08298808871279095,0.28807653273529754,0.3333333333333333
0.0,8,0.0,1,0.11111111111111108,0.33333333333333326,0.4444444444444444
0.0,8,0.0,2,0.11111111111111108,0.33333333333333326,0.4444444444444444
0.0,8,0.0,3,0.11111111111111108,0.33333333333333326,0.4444444444444444
0.0,8,0.1,1,0.11032930415476028,0.3321585527346244,0.4444444444444444
0.0,8,0.1,2,0.11032930415476028,0.3321585527346244,0.4444444444444444
0.0,8,0.1,3,0.11032930415476028,0.3321585527346244,0.4444444444444444
0.0,8,0.2,1,0.10862123008752118,0.3295773506895175,0.4444444444444444
0.0,8,0.2,2,0.10862123008752118,0.3295773506895175,0.4444444444444444
0.0,8,0.2,3,0.10862123008752118,0.3295773506895175,0.4444444444444444
0.0,8,0.3,1,0.10603948939523436,0.32563705163146645,0.4444444444444444
0.0,8,0.3,2,0.10603948939523436,0.32563705163146645,0.4444444444444444
0.0,8,0.3,3,0.10603948939523436,0.32563705163146645,0.4444444444444444
0.0,8,0.4,1,0.10111889472705779,0.31799197273996993,0.4444444444444444
0.0,8,0.4,2,0.10111889472705779,0.31799197273996993,0.4444444444444444
0.0,8,0.4,3,0.10111889472705779,0.31799197273996993,0.4444444444444444
0.0,10,0.0,1,0.1388888888888888,0.37267799624996484,0.5555555555555556
0.0,10,0.0,2,0.1388888888888888,0.37267799624996484,0.5555555555555556
0.0,10,0.0,3,0.1388888888888888,0.37267799624996484,0.5555555555555556
0.0,10,0.1,1,0.13766639500135824,0.3710342234907155,0.5555555555555556
0.0,10,0.1,2,0.13766639500135824,0.3710342234907155,0.5555555555555556
0.0,10,0.1,3,0.13766639500135824,0.3710342234907155,0.5555555555555556
0.0,10,0.2,1,0.1343017329255861,0.3664720083793387,0.5555555555555556
0.0,10,0.2,2,0.1343017329255861,0.3664720083793387,0.5555555555555556
0.0,10,0.2,3,0.1343017329255861,0.3664720083793387,0.5555555555555556
0.0,10,0.3,1,0.1295333795333794,0.35990745968009524,0.5555555555555556
0.0,10,0.3,2,0.1295333795333794,0.35990745968009524,0.5555555555555556
0.0,10,0.3,3,0.1295333795333794,0.35990745968009524,0.5555555555555556
0.0,10,0.4,1,0.12418300653594772,0.35239609324728294,0.5555555555555556
0.0,10,0.4,2,0.12418300653594772,0.35239609324728294,0.5555555555555556
0.0,10,0.4,3,0.12418300653594772,0.35239609324728294,0.5555555555555556
0.0,12,0.0,1,0.16666666666666674,0.40824829046386313,0.6666666666666666
0.0,12,0.0,2,0.16666666666666674,0.40824829046386313,0.6666666666666666
0.0,12,0.0,3,0.16666666666666674,0.40824829046386313,0.6666666666666666
0.0,12,0.1,1,0.16544417277913598,0.4067482916732853,0.6666666666666666
0.0,12,0.1,2,0.16544417277913598,0.4067482916732853,0.6666666666666666
0.0,12,0.1,3,0.16544417277913598,0.4067482916732853,0.6666666666666666
0.0,12,0.2,1,0.16207951070336377,0.40259099679869115,0.6666666666666666
0.0,12,0.2,2,0.16207951070336377,0.40259099679869115,0.6666666666666666
0.0,12,0.2,3,0.16207951070336377,0.40259099679869115,0.6666666666666666
0.0,12,0.3,1,0.15731115731115722,0.3966247058759164,0.6666666666666666
0.0,12,0.3,2,0.15731115731115722,0.3966247058759164,0.6666666666666666
0.0,12,0.3,3,0.15731115731115722,0.3966247058759164,0.6666666666666666
0.0,12,0.4,1,0.1519607843137256,0.3898214774915892,0.6666666666666666
0.0,12,0.4,2,0.1519607843137256,0.3898214774915892,0.6666666666666666
0.0,12,0.4,3,0.1519607843137256,0.3898214774915892,0.6666666666666666
0.0,14,0.0,1,0.18055555555555547,0.42491829279939863,0.7777777777777778
0.0,14,0.0,2,0.18055555555555547,0.42491829279939863,0.7777777777777778
0.0,14,0.0,3,0.18055555555555547,0.42491829279939863,0.7777777777777778
0.0,14,0.1,1,0.17933306166802504,0.4234773449288935,0.7777777777777778
0.0,14,0.1,2,0.17933306166802504,0.4234773449288935,0.7777777777777778
0.0,14,0.1,3,0.17933306166802504,0.4234773449288935,0.7777777777777778
0.0,14,0.2,1,0.1759683995922528,0.4194858753191254,0.7777777777777778
0.0,14,0.2,2,0.1759683995922528,0.4194858753191254,0.7777777777777778
0.0,14,0.2,3,0.1759683995922528,0.4194858753191254,0.7777777777777778
0.0,14,0.3,1,0.18160461271090342,0.42615092715011593,0.7777777777777778
0.0,14,0.3,2,0.18160461271090342,0.42615092715011593,0.7777777777777778
0.0,14,0.3,3,0.18160461271090342,0.42615092715011593,0.7777777777777778
0.0,14,0.4,1,0.17612661934249058,0.41967442064353955,0.7777777777777778
0.0,14,0.4,2,0.17612661934249058,0.41967442064353955,0.7777777777777778
0.0,14,0.4,3,0.17612661934249058,0.41967442064353955,0.7777777777777778
0.0,16,0.0,1,0.18552163917844183,0.43072222972403207,0.8888888888888888
0.0,16,0.0,2,0.18552163917844183,0.43072222972403207,0.8888888888888888
0.0,16,0.0,3,0.18552163917844183,0.43072222972403207,0.8888888888888888
0.0,16,0.1,1,0.17933306166802507,0.42347734492889355,0.8888888888888888
0.0,16,0.1,2,0.17933306166802507,0.42347734492889355,0.8888888888888888
0.0,16,0.1,3,0.17933306166802507,0.42347734492889355,0.8888888888888888
0.0,16,0.2,1,0.17667315943742054,0.42032506401286673,0.8888888888888888
0.0,16,0.2,2,0.17667315943742054,0.42032506401286673,0.8888888888888888
0.0,16,0.2,3,0.17667315943742054,0.42032506401286673,0.8888888888888888
0.0,16,0.3,1,0.1899644169052622,0.4358490758338971,0.8888888888888888
0.0,16,0.3,2,0.1899644169052622,0.4358490758338971,0.8888888888888888
0.0,16,0.3,3,0.1899644169052622,0.4358490758338971,0.8888888888888888
0.0,16,0.4,1,0.1658496732026142,0.40724645265811,0.8888888888888888
0.0,16,0.4,2,0.1658496732026142,0.40724645265811,0.8888888888888888
0.0,16,0.4,3,0.1658496732026142,0.40724645265811,0.8888888888888888
0.0,18,0.0,1,0.19597561861184037,0.44269133559607915,1.0
0.0,18,0.0,2,0.19597561861184037,0.44269133559607915,1.0
0.0,18,0.0,3,0.19597561861184037,0.44269133559607915,1.0
0.0,18,0.1,1,0.19212941430905867,0.438325694329067,1.0
0.0,18,0.1,2,0.19212941430905867,0.438325694329067,1.0
0.0,18,0.1,3,0.19212941430905867,0.438325694329067,1.0
0.0,18,0.2,1,0.18398524876570813,0.4289350169497801,1.0
0.0,18,0.2,2,0.18398524876570813,0.4289350169497801,1.0
0.0,18,0.2,3,0.18398524876570813,0.4289350169497801,1.0
0.0,18,0.3,1,0.1791450966970371,0.42325535637134837,1.0
0.0,18,0.3,2,0.1791450966970371,0.42325535637134837,1.0
0.0,18,0.3,3,0.1791450966970371,0.42325535637134837,1.0
0.0,18,0.4,1,0.1658496732026142,0.40724645265811,1.0
0.0,18,0.4,2,0.1658496732026142,0.40724645265811,1.0
0.0,18,0.4,3,0.1658496732026142,0.40724645265811,1.0
2.0,4,0.0,1,0.05629825364859633,0.23727253032872628,0.2222222222222222
2.0,4,0.0,2,0.05632543684757685,0.23732980606653023,0.2222222222222222
2.0,4,0.0,3,0.05632070086705528,0.23731982822144315,0.2222222222222222
2.0,4,0.1,1,0.05621466527787725,0.23709632067553738,0.2222222222222222
2.0,4,0.1,2,0.05627755788613524,0.2372289145237891,0.2222222222222222
2.0,4,0.1,3,0.056232234148622294,0.23713336785155795,0.2222222222222222
2.0,4,0.2,1,0.05607694906462472,0.23680572008425962,0.2222222222222222
2.0,4,0.2,2,0.056236453364516624,0.23714226397780008,0.2222222222222222
2.0,4,0.2,3,0.05626001770324464,0.23719194274520505,0.2222222222222222
2.0,4,0.3,1,0.05613219918549389,0.23692234842980492,0.2222222222222222
2.0,4,0.3,2,0.05619191497983159,0.23704833890966542,0.2222222222222222
2.0,4,0.3,3,0.05614483033955172,0.23694900366862007,0.2222222222222222
2.0,4,0.4,1,0.05600730449313758,0.23665862437937388,0.2222222222222222
2.0,4,0.4,2,0.055953710726954056,0.236545367164428,0.2222222222222222
2.0,4,0.4,3,0.0559558428898263,0.23654987400086752,0.2222222222222222
2.0,6,0.0,1,0.08522115272432532,0.2919266221575643,0.3333333333333333
2.0,6,0.0,2,0.0853765363976415,0.2921926357690103,0.3333333333333333
2.0,6,0.0,3,0.08517234273033676,0.29184301041884964,0.3333333333333333
2.0,6,0.1,1,0.08514730588383637,0.29180011289208985,0.3333333333333333
2.0,6,0.1,2,0.08500340811642965,0.2915534395551348,0.3333333333333333
2.0,6,0.1,3,0.08510214510966664,0.2917227195637437,0.3333333333333333
2.0,6,0.2,1,0.0849646132850159,0.2914869007091329,0.3333333333333333
2.0,6,0.2,2,0.08540604962634535,0.29224313443833944,0.3333333333333333
2.0,6,0.2,3,0.08503791517865303,0.29161261148766016,0.3333333333333333
2.0,6,0.3,1,0.08561091256968753,0.29259342536989363,0.3333333333333333
2.0,6,0.3,2,0.08554285277775073,0.29247709786879167,0.3333333333333333
2.0,6,0.3,3,0.08553429057367899,0.2924624601101464,0.3333333333333333
2.0,6,0.4,1,0.08572143275815466,0.2927822275312398,0.3333333333333333
2.0,6,0.4,2,0.0855034539882052,0.2924097364798327,0.3333333333333333
2.0,6,0.4,3,0.08522966431647308,0.2919412001011044,0.3333333333333333
2.0,8,0.0,1,0.1147453288597569,0.3387407989300328,0.4444444444444444
2.0,8,0.0,2,0.11608428685810712,0.3407114422177616,0.4444444444444444
2.0,8,0.0,3,0.11484694349082183,0.33889075450773487,0.4444444444444444
2.0,8,0.1,1,0.11376591740216516,0.3372920357822953,0.4444444444444444
2.0,8,0.1,2,0.11415612371862127,0.33786998049341593,0.4444444444444444
2.0,8,0.1,3,0.11405461135823516,0.33771972308148535,0.4444444444444444
2.0,8,0.2,1,0.11269760053753548,0.3357046328806552,0.4444444444444444
2.0,8,0.2,2,0.11303140276219574,0.3362014318265104,0.4444444444444444
2.0,8,0.2,3,0.1124857245237602,0.33538891532631215,0.4444444444444444
2.0,8,0.3,1,0.11022433396659612,0.33200050296136013,0.4444444444444444
2.0,8,0.3,2,0.11001619299297263,0.3316868899926143,0.4444444444444444
2.0,8,0.3,3,0.1102684338775616,0.3320669117475597,0.4444444444444444
2.0,8,0.4,1,0.10475758396866926,0.32366276271556055,0.4444444444444444
2.0,8,0.4,2,0.1053606603282724,0.3245930688235231,0.4444444444444444
2.0,8,0.4,3,0.10487739425748066,0.3238477948936516,0.4444444444444444
2.0,10,0.0,1,0.14843666589186627,0.3852747927023857,0.5555555555555556
2.0,10,0.0,2,0.14831069390537063,0.3851112747055981,0.5555555555555556
2.0,10,0.0,3,0.14830525770658848,0.3851042166824306,0.5555555555555556
2.0,10,0.1,1,0.14692945896861537,0.3833137865621525,0.5555555555555556
2.0,10,0.1,2,0.14734079288811525,0.3838499614277892,0.5555555555555556
2.0,10,0.1,3,0.14615711066237985,0.38230499691003234,0.5555555555555556
2.0,10,0.2,1,0.14320627934769292,0.37842605532348444,0.5555555555555556
2.0,10,0.2,2,0.14305905924395748,0.3782314889640437,0.5555555555555556
2.0,10,0.2,3,0.14301305906691494,0.3781706745200042,0.5555555555555556
2.0,10,0.3,1,0.13733841907607566,0.3705919846354959,0.5555555555555556
2.0,10,0.3,2,0.1373849427437142,0.3706547487132928,0.5555555555555556
2.0,10,0.3,3,0.13628812232263882,0.36917221228396757,0.5555555555555556
2.0,10,0.4,1,0.1303055332884796,0.36097857732624467,0.5555555555555556
2.0,10,0.4,2,0.13098484650657122,0.3619182870574119,0.5555555555555556
2.0,10,0.4,3,0.13058189958690009,0.3613611760924243,0.5555555555555556
2.0,12,0.0,1,0.18658508459403067,0.43195495667260336,0.6666666666666666
2.0,12,0.0,2,0.18684032622943542,0.4322503050657517,0.6666666666666666
2.0,12,0.0,3,0.18626227461991426,0.4315811332993071,0.6666666666666666
2.0,12,0.1,1,0.18458691812147845,0.4296357970670955,0.6666666666666666
2.0,12,0.1,2,0.18594888850168684,0.4312179130111443,0.6666666666666666
2.0,12,0.1,3,0.1854821323671027,0.43067636615804994,0.6666666666666666
2.0,12,0.2,1,0.17958977040239066,0.4237803327224975,0.6666666666666666
2.0,12,0.2,2,0.18064998923278852,0.4250293980806369,0.6666666666666666
2.0,12,0.2,3,0.17935410535232865,0.42350219049295207,0.6666666666666666
2.0,12,0.3,1,0.17412688732492682,0.4172851391134446,0.6666666666666666
2.0,12,0.3,2,0.17412784719853222,0.4172862892529926,0.6666666666666666
2.0,12,0.3,3,0.17286203312126824,0.4157668013697922,0.6666666666666666
2.0,12,0.4,1,0.16504958146449547,0.40626294621155823,0.6666666666666666
2.0,12,0.4,2,0.1660855372954119,0.4075359337474573,0.6666666666666666
2.0,12,0.4,3,0.16741358422741778,0.40916205130414746,0.6666666666666666
2.0,14,0.0,1,0.2097999902559314,0.4580392889872346,0.7777777777777778
2.0,14,0.0,2,0.21142726984083793,0.4598122114959953,0.7777777777777778
2.0,14,0.0,3,0.21004533450482174,0.45830703082630286,0.7777777777777778
2.0,14,0.1,1,0.20818730226300192,0.45627546752263803,0.7777777777777778
2.0,14,0.1,2,0.20937934293535704,0.45757987601658906,0.7777777777777778
2.0,14,0.1,3,0.20844806594864398,0.4565611305714099,0.7777777777777778
2.0,14,0.2,1,0.20279748239949483,0.45033041469513785,0.7777777777777778
2.0,14,0.2,2,0.20351540191456152,0.45112681356195344,0.7777777777777778
2.0,14,0.2,3,0.20327585397915837,0.4508612358355488,0.7777777777777778
2.0,14,0.3,1,0.22064177243315292,0.4697252094929044,0.7777777777777778
2.0,14,0.3,2,0.2246305387445678,0.47395204266314517,0.7777777777777778
2.0,14,0.3,3,0.22497665656545465,0.47431704224648585,0.7777777777777778
2.0,14,0.4,1,0.21525754947508138,0.4639585643945819,0.7777777777777778
2.0,14,0.4,2,0.21483756679225308,0.4635057354469878,0.7777777777777778
2.0,14,0.4,3,0.21238364560919026,0.4608510015278151,0.7777777777777778
2.0,16,0.0,1,0.23456402799999218,0.4843181062070591,0.8888888888888888
2.0,16,0.0,2,0.23750057840934882,0.48734031067555744,0.8888888888888888
2.0,16,0.0,3,0.2327482301670143,0.48243987207424543,0.8888888888888888
2.0,16,0.1,1,0.21094953037455752,0.45929242359803574,0.8888888888888888
2.0,16,0.1,2,0.21477861408671034,0.46344213671904105,0.8888888888888888
2.0,16,0.1,3,0.21167010042462203,0.4600761898040606,0.8888888888888888
2.0,16,0.2,1,0.2135497616139801,0.46211444644587785,0.8888888888888888
2.0,16,0.2,2,0.2157700779233021,0.4645105789143043,0.8888888888888888
2.0,16,0.2,3,0.21145660113578452,0.4598441052528395,0.8888888888888888
2.0,16,0.3,1,0.27982803095779657,0.5289877417840574,0.8888888888888888
2.0,16,0.3,2,0.28420334010037435,0.5331072500917375,0.8888888888888888
2.0,16,0.3,3,0.2890173933945213,0.5376033792625575,0.8888888888888888
2.0,16,0.4,1,0.19046803693747355,0.43642643931993114,0.8888888888888888
2.0,16,0.4,2,0.19289019364225282,0.4391926611889739,0.8888888888888888
2.0,16,0.4,3,0.1899330383970455,0.43581307735891256,0.8888888888888888
2.0,18,0.0,1,0.2699308961283744,0.5195487427839417,1.0
2.0,18,0.0,2,0.2649552525983727,0.5147380426958675,1.0
2.0,18,0.0,3,0.26207257802221773,0.5119302472234062,1.0
2.0,18,0.1,1,0.24773201703871955,0.4977268498270106,1.0
2.0,18,0.1,2,0.24974726265572875,0.4997471987472554,1.0
2.0,18,0.1,3,0.2548552337431089,0.5048318866148501,1.0
2.0,18,0.2,1,0.23289324055472646,0.48259013723316646,1.0
2.0,18,0.2,2,0.23834583633569859,0.48820675572517286,1.0
2.0,18,0.2,3,0.23742487909823992,0.48726263872601594,1.0
2.0,18,0.3,1,0.2252557943079391,0.4746112033106036,1.0
2.0,18,0.3,2,0.22863184212217025,0.4781546215631197,1.0
2.0,18,0.3,3,0.223700928777293,0.472970325472215,1.0
2.0,18,0.4,1,0.19324481955851835,0.4395962005733425,1.0
2.0,18,0.4,2,0.19402715662823294,0.44048513780629756,1.0
2.0,18,0.4,3,0.19411654924158195,0.44058659675662165,1.0
4.0,4,0.0,1,0.056052414556258465,0.2367539113853422,0.2222222222222222
4.0,4,0.0,2,0.05606523359340372,0.23678098233051514,0.2222222222222222
4.0,4,0.0,3,0.0558618768286739,0.23635117268309438,0.2222222222222222
4.0,4,0.1,1,0.05613241672482714,0.2369228075235205,0.2222222222222222
4.0,4,0.1,2,0.05612116544289865,0.23689906171806305,0.2222222222222222
4.0,4,0.1,3,0.05605953169876783,0.236768941583916,0.2222222222222222
4.0,4,0.2,1,0.055814772303112124,0.23625150222403268,0.2222222222222222
4.0,4,0.2,2,0.056090663129779686,0.23683467467788513,0.2222222222222222
4.0,4,0.2,3,0.05581889409929473,0.2362602253856851,0.2222222222222222
4.0,4,0.3,1,0.055708408124939504,0.23602628693630612,0.2222222222222222
4.0,4,0.3,2,0.05600114161657581,0.23664560341695726,0.2222222222222222
4.0,4,0.3,3,0.05597691880373623,0.23659441836978368,0.2222222222222222
4.0,4,0.4,1,0.055984414683003844,0.23661025904005906,0.2222222222222222
4.0,4,0.4,2,0.05559702100347341,0.235790205486728,0.2222222222222222
4.0,4,0.4,3,0.05539061900120483,0.23535211705273618,0.2222222222222222
4.0,6,0.0,1,0.08406286011428563,0.2899359586430866,0.3333333333333333
4.0,6,0.0,2,0.08494193185276391,0.2914479916773556,0.3333333333333333
4.0,6,0.0,3,0.0846458704521746,0.29093963369086484,0.3333333333333333
4.0,6,0.1,1,0.0844553189223096,0.29061197312277004,0.3333333333333333
4.0,6,0.1,2,0.08501761445200941,0.2915778017133839,0.3333333333333333
4.0,6,0.1,3,0.08478458750108189,0.29117793099938377,0.3333333333333333
4.0,6,0.2,1,0.08486742199473775,0.29132013661046113,0.3333333333333333
4.0,6,0.2,2,0.08483044590530621,0.2912566667139247,0.3333333333333333
4.0,6,0.2,3,0.08449159185227197,0.2906743742614267,0.3333333333333333
4.0,6,0.3,1,0.0846575819227697,0.29095975997166634,0.3333333333333333
4.0,6,0.3,2,0.0848827689072061,0.29134647570754324,0.3333333333333333
4.0,6,0.3,3,0.08442179573012924,0.2905542905037357,0.3333333333333333
4.0,6,0.4,1,0.08412504088651056,0.2900431707289633,0.3333333333333333
4.0,6,0.4,2,0.08525625453253717,0.2919867369120337,0.3333333333333333
4.0,6,0.4,3,0.08462827431307243,0.29090939192998294,0.3333333333333333
4.0,8,0.0,1,0.11429074024394537,0.3380691353021529,0.4444444444444444
4.0,8,0.0,2,0.116083966366299,0.34071097189010363,0.4444444444444444
4.0,8,0.0,3,0.11449715914584373,0.3383742885413189,0.4444444444444444
4.0,8,0.1,1,0.11475414575188177,0.3387538128964481,0.4444444444444444
4.0,8,0.1,2,0.11366978132458964,0.33714949402985855,0.4444444444444444
4.0,8,0.1,3,0.11310503513804751,0.3363109203371896,0.4444444444444444
4.0,8,0.2,1,0.11233756491017292,0.33516796522068293,0.4444444444444444
4.0,8,0.2,2,0.11211308391806982,0.33483291940618654,0.4444444444444444
4.0,8,0.2,3,0.11287381583858855,0.3359669862331544,0.4444444444444444
4.0,8,0.3,1,0.11060479034765851,0.3325729849937582,0.4444444444444444
4.0,8,0.3,2,0.11057304996916181,0.3325252621518579,0.4444444444444444
4.0,8,0.3,3,0.11053007328129658,0.3324606341829008,0.4444444444444444
4.0,8,0.4,1,0.10572524571042888,0.32515418759479153,0.4444444444444444
4.0,8,0.4,2,0.10427049023178714,0.3229094149011254,0.4444444444444444
4.0,8,0.4,3,0.10528226131336464,0.324472281271243,0.4444444444444444
4.0,10,0.0,1,0.14899432201548626,0.38599782643881075,0.5555555555555556
4.0,10,0.0,2,0.14993862749944342,0.3872190949571617,0.5555555555555556
4.0,10,0.0,3,0.14794232288709244,0.3846327116706176,0.5555555555555556
4.0,10,0.1,1,0.14716401853242728,0.3836196274077061,0.5555555555555556
4.0,10,0.1,2,0.14951705200249998,0.3866743487774952,0.5555555555555556
4.0,10,0.1,3,0.147223371830371,0.3836969791780631,0.5555555555555556
4.0,10,0.2,1,0.14389560822928277,0.3793357460473278,0.5555555555555556
4.0,10,0.2,2,0.14453662615299762,0.38017972875075495,0.5555555555555556
4.0,10,0.2,3,0.14455767509814899,0.3802074106302361,0.5555555555555556
4.0,10,0.3,1,0.13854237873813668,0.37221281377477683,0.5555555555555556
4.0,10,0.3,2,0.142557029554538,0.37756725169767835,0.5555555555555556
4.0,10,0.3,3,0.13987253104209119,0.3739953623269828,0.5555555555555556
4.0,10,0.4,1,0.1337541294549341,0.3657241165891772,0.5555555555555556
4.0,10,0.4,2,0.1341941759952524,0.3663252325396824,0.5555555555555556
4.0,10,0.4,3,0.13265599299939068,0.36421970429864264,0.5555555555555556
4.0,12,0.0,1,0.19117082562805202,0.4372308607910151,0.6666666666666666
4.0,12,0.0,2,0.19744330085170358,0.4443459247609947,0.6666666666666666
4.0,12,0.0,3,0.19645147332746865,0.4432284662873862,0.6666666666666666
4.0,12,0.1,1,0.19448566769825054,0.4410052921431335,0.6666666666666666
4.0,12,0.1,2,0.1969271655262989,0.4437647637276972,0.6666666666666666
4.0,12,0.1,3,0.19507463012414725,0.4416725372084473,0.6666666666666666
4.0,12,0.2,1,0.18919887045869074,0.4349699650075747,0.6666666666666666
4.0,12,0.2,2,0.1875678118164114,0.4330909971546527,0.6666666666666666
4.0,12,0.2,3,0.1901428150172016,0.43605368364136265,0.6666666666666666
4.0,12,0.3,1,0.17999487403074083,0.42425802765621395,0.6666666666666666
4.0,12,0.3,2,0.18351250856080803,0.42838359978039314,0.6666666666666666
4.0,12,0.3,3,0.1799523455215237,0.4242079036528241,0.6666666666666666
4.0,12,0.4,1,0.16981068747437106,0.41208092345359915,0.6666666666666666
4.0,12,0.4,2,0.17080931154994322,0.4132908316790287,0.6666666666666666
4.0,12,0.4,3,0.17072921646124542,0.4131939211329777,0.6666666666666666
4.0,14,0.0,1,0.23242235175094822,0.48210201384245244,0.7777777777777778
4.0,14,0.0,2,0.2294646983652268,0.47902473669449136,0.7777777777777778
4.0,14,0.0,3,0.2312655944907008,0.48090081564778075,0.7777777777777778
4.0,14,0.1,1,0.22886557372174782,0.4783989691896794,0.7777777777777778
4.0,14,0.1,2,0.2345312421827134,0.48428425762429383,0.7777777777777778
4.0,14,0.1,3,0.2343826309934814,0.4841307994679551,0.7777777777777778
4.0,14,0.2,1,0.22693506340281977,0.4763770181304087,0.7777777777777778
4.0,14,0.2,2,0.2269724213051117,0.47641622695402774,0.7777777777777778
4.0,14,0.2,3,0.22268811103953207,0.4718984117789888,0.7777777777777778
4.0,14,0.3,1,0.24499452765332452,0.49496921889479606,0.7777777777777778
4.0,14,0.3,2,0.24861594921983937,0.4986140283022925,0.7777777777777778
4.0,14,0.3,3,0.2507539733078167,0.5007534056876864,0.7777777777777778
4.0,14,0.4,1,0.24193604771758076,0.49186995000465394,0.7777777777777778
4.0,14,0.4,2,0.2413356102458971,0.49125920881536367,0.7777777777777778
4.0,14,0.4,3,0.23692993270635623,0.48675448914864283,0.7777777777777778
4.0,16,0.0,1,0.28636782777097386,0.5351334672499692,0.8888888888888888
4.0,16,0.0,2,0.28855587394359655,0.5371739699050919,0.8888888888888888
4.0,16,0.0,3,0.2844244829344961,0.5333146190894228,0.8888888888888888
4.0,16,0.1,1,0.24897814174000402,0.498977095406196,0.8888888888888888
4.0,16,0.1,2,0.25407868939670897,0.5040621880251572,0.8888888888888888
4.0,16,0.1,3,0.24524963239152112,0.4952268494251105,0.8888888888888888
4.0,16,0.2,1,0.2539118501962088,0.5038966661888217,0.8888888888888888
4.0,16,0.2,2,0.25426006514238736,0.5042420699846328,0.8888888888888888
4.0,16,0.2,3,0.25300537067287876,0.5029963923060271,0.8888888888888888
4.0,16,0.3,1,0.349014703207995,0.5907746636476509,0.8888888888888888
4.0,16,0.3,2,0.3390674490803441,0.5822949845914389,0.8888888888888888
4.0,16,0.3,3,0.36626838001766215,0.6052011070856217,0.8888888888888888
4.0,16,0.4,1,0.22685424055330022,0.4762921798153946,0.8888888888888888
4.0,16,0.4,2,0.2211329759342541,0.4702477814240638,0.8888888888888888
4.0,16,0.4,3,0.22071206797387516,0.4698000297721097,0.8888888888888888
4.0,18,0.0,1,0.35713097091701984,0.5976043598544273,1.0
4.0,18,0.0,2,0.3610647282734758,0.6008866184842826,1.0
4.0,18,0.0,3,0.37135772379834847,0.6093912731557193,1.0
4.0,18,0.1,1,0.3135279620565123,0.559935676713417,1.0
4.0,18,0.1,2,0.33475260757506764,0.5785780911640775,1.0
4.0,18,0.1,3,0.3257872788790256,0.5707777841498612,1.0
4.0,18,0.2,1,0.29181780069194146,0.5402016296642778,1.0
4.0,18,0.2,2,0.31075136530588565,0.5574507738858074,1.0
4.0,18,0.2,3,0.2967326842062902,0.5447317543583173,1.0
4.0,18,0.3,1,0.27064917017848855,0.5202395315414704,1.0
4.0,18,0.3,2,0.2703805618762142,0.5199813091604487,1.0
4.0,18,0.3,3,0.2697508455312294,0.5193754379360169,1.0
4.0,18,0.4,1,0.22439802516019536,0.4737066868434468,1.0
4.0,18,0.4,2,0.2265104774018734,0.47593116876484715,1.0
4.0,18,0.4,3,0.23150134261595706,0.48114586417837685,1.0
6.0,4,0.0,1,0.05579771944304808,0.23621540898732257,0.2222222222222222
6.0,4,0.0,2,0.05603674460387882,0.23672081573845344,0.2222222222222222
6.0,4,0.0,3,0.055296770027533935,0.23515265260577847,0.2222222222222222
6.0,4,0.1,1,0.05575348258616815,0.23612175373346725,0.2222222222222222
6.0,4,0.1,2,0.05537371782262446,0.23531620815962606,0.2222222222222222
6.0,4,0.1,3,0.055681422115258304,0.23596911262972173,0.2222222222222222
6.0,4,0.2,1,0.05563487248382869,0.23587045699669276,0.2222222222222222
6.0,4,0.2,2,0.05572565587038849,0.2360628218724594,0.2222222222222222
6.0,4,0.2,3,0.05549897399566378,0.23558220220480108,0.2222222222222222
6.0,4,0.3,1,0.05511094696894729,0.2347572085558765,0.2222222222222222
6.0,4,0.3,2,0.055919903114676886,0.2364738952076463,0.2222222222222222
6.0,4,0.3,3,0.0556543463388711,0.2359117342119105,0.2222222222222222
6.0,4,0.4,1,0.05507349677106375,0.23467743132023527,0.2222222222222222
6.0,4,0.4,2,0.055209261424707654,0.23496651128343302,0.2222222222222222
6.0,4,0.4,3,0.05568864846328958,0.23598442419636423,0.2222222222222222
6.0,6,0.0,1,0.08437449314497672,0.29047287850155085,0.3333333333333333
6.0,6,0.0,2,0.08416826143663887,0.29011766826003355,0.3333333333333333
6.0,6,0.0,3,0.08349675924266994,0.28895805792998736,0.3333333333333333
6.0,6,0.1,1,0.08494710784244577,0.29145687132480813,0.3333333333333333
6.0,6,0.1,2,0.08359003143377948,0.2891194068785067,0.3333333333333333
6.0,6,0.1,3,0.08388116622020188,0.2896224546201518,0.3333333333333333
6.0,6,0.2,1,0.08425402749000883,0.2902654431550694,0.3333333333333333
6.0,6,0.2,2,0.08307702855768868,0.2882308598288682,0.3333333333333333
6.0,6,0.2,3,0.08404780867710515,0.2899100009953178,0.3333333333333333
6.0,6,0.3,1,0.08418264780326383,0.2901424612208007,0.3333333333333333
6.0,6,0.3,2,0.08463967176549328,0.29092898062154837,0.3333333333333333
6.0,6,0.3,3,0.08361067249261475,0.2891551011008015,0.3333333333333333
6.0,6,0.4,1,0.0841313015021338,0.29005396308641224,0.3333333333333333
6.0,6,0.4,2,0.08288265137436054,0.28789347226771317,0.3333333333333333
6.0,6,0.4,3,0.08408349351548075,0.2899715391473459,0.3333333333333333
6.0,8,0.0,1,0.11303143016589161,0.3362014725813848,0.4444444444444444
6.0,8,0.0,2,0.1129618634014792,0.33609799672339497,0.4444444444444444
6.0,8,0.0,3,0.11395424885778309,0.3375711019293315,0.4444444444444444
6.0,8,0.1,1,0.11168819935142235,0.3341978446241423,0.4444444444444444
6.0,8,0.1,2,0.11206525165618801,0.33476148472634665,0.4444444444444444
6.0,8,0.1,3,0.11212486135267372,0.3348505059764338,0.4444444444444444
6.0,8,0.2,1,0.11101943227531912,0.3331957867010312,0.4444444444444444
6.0,8,0.2,2,0.1117011174175565,0.33421717103936555,0.4444444444444444
6.0,8,0.2,3,0.11231012687863869,0.3351270309578723,0.4444444444444444
6.0,8,0.3,1,0.11003738271594166,0.3317188308129969,0.4444444444444444
6.0,8,0.3,2,0.10961887764264067,0.33108741691982296,0.4444444444444444
6.0,8,0.3,3,0.10974036051205205,0.3312708265332944,0.4444444444444444
6.0,8,0.4,1,0.10570367982957204,0.3251210233583366,0.4444444444444444
6.0,8,0.4,2,0.10548822484149752,0.3247895085151266,0.4444444444444444
6.0,8,0.4,3,0.10555796241732193,0.3248968488879539,0.4444444444444444
6.0,10,0.0,1,0.1487852219134818,0.3857268747617695,0.5555555555555556
6.0,10,0.0,2,0.14862999175282898,0.385525604535975,0.5555555555555556
6.0,10,0.0,3,0.14598918445093215,0.38208531043594457,0.5555555555555556
6.0,10,0.1,1,0.14776226962310846,0.38439858171318536,0.5555555555555556
6.0,10,0.1,2,0.14736951341798013,0.3838873707456135,0.5555555555555556
6.0,10,0.1,3,0.1468387424254855,0.38319543633175684,0.5555555555555556
6.0,10,0.2,1,0.14293437906123763,0.37806663309691535,0.5555555555555556
6.0,10,0.2,2,0.1437260256875095,0.37911215449720087,0.5555555555555556
6.0,10,0.2,3,0.14626791822470356,0.38244988982179556,0.5555555555555556
6.0,10,0.3,1,0.13832775297320363,0.37192439147386347,0.5555555555555556
6.0,10,0.3,2,0.14138490376672067,0.37601183992890524,0.5555555555555556
6.0,10,0.3,3,0.13786806517085806,0.371305891645767,0.5555555555555556
6.0,10,0.4,1,0.13289764204527812,0.36455128863477926,0.5555555555555556
6.0,10,0.4,2,0.13517436668227265,0.36766066784777596,0.5555555555555556
6.0,10,0.4,3,0.1324779036436215,0.3639751415187876,0.5555555555555556
6.0,12,0.0,1,0.20076080248693945,0.4480633911478815,0.6666666666666666
6.0,12,0.0,2,0.1994056755528179,0.44654862619071833,0.6666666666666666
6.0,12,0.0,3,0.19784658520576764,0.44479948876518244,0.6666666666666666
6.0,12,0.1,1,0.1936040600380982,0.4400046136554686,0.6666666666666666
6.0,12,0.1,2,0.1963501688603249,0.4431141713602995,0.6666666666666666
6.0,12,0.1,3,0.1905358692808869,0.43650414577743346,0.6666666666666666
6.0,12,0.2,1,0.18914937251802535,0.43491306317242917,0.6666666666666666
6.0,12,0.2,2,0.19142223890663013,0.4375182726545603,0.6666666666666666
6.0,12,0.2,3,0.19001586864358785,0.43590809655658824,0.6666666666666666
6.0,12,0.3,1,0.1803977329414556,0.42473254283308176,0.6666666666666666
6.0,12,0.3,2,0.18511205706450296,0.43024650732400255,0.6666666666666666
6.0,12,0.3,3,0.1830329332595288,0.42782348376348955,0.6666666666666666
6.0,12,0.4,1,0.17693704747617528,0.42063885635563353,0.6666666666666666
6.0,12,0.4,2,0.17629179479821366,0.41987116452337336,0.6666666666666666
6.0,12,0.4,3,0.17821140111550046,0.4221509222014095,0.6666666666666666
6.0,14,0.0,1,0.2420707892630553,0.49200689960919786,0.7777777777777778
6.0,14,0.0,2,0.24647076172881502,0.4964582175055772,0.7777777777777778
6.0,14,0.0,3,0.24590022383979573,0.49588327642681773,0.7777777777777778
6.0,14,0.1,1,0.24917541974725643,0.49917473869102835,0.7777777777777778
6.0,14,0.1,2,0.24861904562649553,0.4986171333062027,0.7777777777777778
6.0,14,0.1,3,0.2477237626843538,0.4977185577054103,0.7777777777777778
6.0,14,0.2,1,0.22485125021810354,0.47418482706440906,0.7777777777777778
6.0,14,0.2,2,0.2283572141600605,0.47786736042552697,0.7777777777777778
6.0,14,0.2,3,0.22722021095050587,0.47667621185717446,0.7777777777777778
6.0,14,0.3,1,0.27048511490496174,0.5200818348154084,0.7777777777777778
6.0,14,0.3,2,0.23951046390573075,0.48939806283406023,0.7777777777777778
6.0,14,0.3,3,0.25482456956771216,0.5048015150212132,0.7777777777777778
6.0,14,0.4,1,0.2552287180358519,0.5052016607611776,0.7777777777777778
6.0,14,0.4,2,0.2505377473277349,0.5005374584661321,0.7777777777777778
6.0,14,0.4,3,0.24758546460282002,0.4975796062971432,0.7777777777777778
6.0,16,0.0,1,0.39278524507417284,0.6267258133140623,0.8888888888888888
6.0,16,0.0,2,0.3854487784721527,0.6208452129735339,0.8888888888888888
6.0,16,0.0,3,0.33744279165227486,0.5808982627382138,0.8888888888888888
6.0,16,0.1,1,0.27543896378933247,0.5248227927494503,0.8888888888888888
6.0,16,0.1,2,0.2886616121748695,0.5372723817346928,0.8888888888888888
6.0,16,0.1,3,0.2832838150969844,0.5322441311061912,0.8888888888888888
6.0,16,0.2,1,0.3000320621765377,0.547751825352082,0.8888888888888888
6.0,16,0.2,2,0.28937850337312465,0.5379391260850289,0.8888888888888888
6.0,16,0.2,3,0.28964634528229355,0.538188020381626,0.8888888888888888
6.0,16,0.3,1,0.450831569068487,0.6714399221587044,0.8888888888888888
6.0,16,0.3,2,0.404511464661351,0.636012157636433,0.8888888888888888
6.0,16,0.3,3,0.4179163143344192,0.6464644726003272,0.8888888888888888
6.0,16,0.4,1,0.23958949139957086,0.48947879565878116,0.8888888888888888
6.0,16,0.4,2,0.2493903064015166,0.4993899342212622,0.8888888888888888
6.0,16,0.4,3,0.25193564518155553,0.5019319128941251,0.8888888888888888
6.0,18,0.0,1,0.3883274835778373,0.6231592762511341,1.0
6.0,18,0.0,2,0.5150351175195561,0.7176594718385289,1.0
6.0,18,0.0,3,0.4678888268521959,0.6840239958160794,1.0
6.0,18,0.1,1,0.4289943702244936,0.6549766180746406,1.0
6.0,18,0.1,2,0.49474445777960574,0.7033807345809279,1.0
6.0,18,0.1,3,0.42185152694160755,0.6495009830181996,1.0
6.0,18,0.2,1,0.36391563065779187,0.6032542006963498,1.0
6.0,18,0.2,2,0.36514235258036976,0.6042700990288777,1.0
6.0,18,0.2,3,0.4054784923662294,0.6367719312016111,1.0
6.0,18,0.3,1,0.336706950995267,0.5802645525924076,1.0
6.0,18,0.3,2,0.3395650087360072,0.582722068173162,1.0
6.0,18,0.3,3,0.3230979812295312,0.5684170838649479,1.0
6.0,18,0.4,1,0.2618119861174646,0.5116756649650877,1.0
6.0,18,0.4,2,0.29040660362630044,0.5388938704664402,1.0
6.0,18,0.4,3,0.2764503019320594,0.5257854143394046,1.0
8.0,4,0.0,1,0.055410215225522474,0.23539374508580824,0.2222222222222222
8.0,4,0.0,2,0.05553305765669636,0.23565453031226954,0.2222222222222222
8.0,4,0.0,3,0.05562852647558334,0.23585700429621195,0.2222222222222222
8.0,4,0.1,1,0.055286757319253775,0.23513136183685446,0.2222222222222222
8.0,4,0.1,2,0.05497006311170809,0.23445695364332467,0.2222222222222222
8.0,4,0.1,3,0.055562950387277564,0.23571794668051382,0.2222222222222222
8.0,4,0.2,1,0.05556088661904557,0.2357135690176651,0.2222222222222222
8.0,4,0.2,2,0.0555048579850642,0.23559469006126646,0.2222222222222222
8.0,4,0.2,3,0.05491124134870105,0.23433147750291902,0.2222222222222222
8.0,4,0.3,1,0.055662180024768214,0.23592833662951174,0.2222222222222222
8.0,4,0.3,2,0.05533471649352169,0.23523332351842008,0.2222222222222222
8.0,4,0.3,3,0.0546669714678263,0.23380969070555288,0.2222222222222222
8.0,4,0.4,1,0.056021500621802556,0.2366886153193739,0.2222222222222222
8.0,4,0.4,2,0.05555463523680214,0.2357003080965363,0.2222222222222222
8.0,4,0.4,3,0.05548210825925297,0.23554640362198903,0.2222222222222222
8.0,6,0.0,1,0.08198592712066774,0.28633184789797267,0.3333333333333333
8.0,6,0.0,2,0.08332037350272181,0.2886526866369371,0.3333333333333333
8.0,6,0.0,3,0.08304046634417508,0.28816742762528713,0.3333333333333333
8.0,6,0.1,1,0.0840610178723501,0.28993278164490144,0.3333333333333333
8.0,6,0.1,2,0.08430462907268556,0.29035259439634004,0.3333333333333333
8.0,6,0.1,3,0.08425843804120597,0.29027304050015734,0.3333333333333333
8.0,6,0.2,1,0.08426536437858051,0.29028497098296446,0.3333333333333333
8.0,6,0.2,2,0.08330171962832558,0.2886203728573671,0.3333333333333333
8.0,6,0.2,3,0.08413328099528414,0.2900573753506091,0.3333333333333333
8.0,6,0.3,1,0.0826566899329512,0.28750076509976663,0.3333333333333333
8.0,6,0.3,2,0.08338877849956924,0.2887711524712419,0.3333333333333333
8.0,6,0.3,3,0.0831856376524466,0.2884192047219578,0.3333333333333333
8.0,6,0.4,1,0.08290698199534499,0.2879357254585561,0.3333333333333333
8.0,6,0.4,2,0.08210102194764027,0.28653275894326685,0.3333333333333333
8.0,6,0.4,3,0.08465664580858068,0.29095815130114616,0.3333333333333333
8.0,8,0.0,1,0.11208177766724374,0.3347861670786948,0.4444444444444444
8.0,8,0.0,2,0.11031455371126805,0.3321363480729986,0.4444444444444444
8.0,8,0.0,3,0.11346577607541868,0.3368468139606172,0.4444444444444444
8.0,8,0.1,1,0.11178610781395068,0.33434429532138077,0.4444444444444444
8.0,8,0.1,2,0.11299991346883434,0.33615459757206106,0.4444444444444444
8.0,8,0.1,3,0.1106110602471323,0.3325824112113151,0.4444444444444444
8.0,8,0.2,1,0.11141057262308977,0.3337822233479335,0.4444444444444444
8.0,8,0.2,2,0.11220109159915011,0.33496431391888615,0.4444444444444444
8.0,8,0.2,3,0.11046121095952566,0.332357053422258,0.4444444444444444
8.0,8,0.3,1,0.10831811107278566,0.32911716921604933,0.4444444444444444
8.0,8,0.3,2,0.10790705465195127,0.32849209222133685,0.4444444444444444
8.0,8,0.3,3,0.10711459818385223,0.3272836662344337,0.4444444444444444
8.0,8,0.4,1,0.10578775795435054,0.3252503004677329,0.4444444444444444
8.0,8,0.4,2,0.10434901912237919,0.3230309878670763,0.4444444444444444
8.0,8,0.4,3,0.1048809757351351,0.3238533244157532,0.4444444444444444
8.0,10,0.0,1,0.146114121067165,0.38224876856199946,0.5555555555555556
8.0,10,0.0,2,0.1460270012139042,0.38213479456064214,0.5555555555555556
8.0,10,0.0,3,0.1420356301866184,0.37687614701201033,0.5555555555555556
8.0,10,0.1,1,0.1457378424951003,0.381756260584028,0.5555555555555556
8.0,10,0.1,2,0.145539476482349,0.3814963649661016,0.5555555555555556
8.0,10,0.1,3,0.14837876989065263,0.38519964939061485,0.5555555555555556
8.0,10,0.2,1,0.1437289542311426,0.3791160168485929,0.5555555555555556
8.0,10,0.2,2,0.14212237773723724,0.3769912170558317,0.5555555555555556
8.0,10,0.2,3,0.14149436107015062,0.3761573621107935,0.5555555555555556
8.0,10,0.3,1,0.13696664655204221,0.37009005194957917,0.5555555555555556
8.0,10,0.3,2,0.1394442826873211,0.3734223917861931,0.5555555555555556
8.0,10,0.3,3,0.13553490372346724,0.3681506535692518,0.5555555555555556
8.0,10,0.4,1,0.1343374254220856,0.3665207025832042,0.5555555555555556
8.0,10,0.4,2,0.13395814588994495,0.3660029315319004,0.5555555555555556
8.0,10,0.4,3,0.13543980315130866,0.3680214710466071,0.5555555555555556
8.0,12,0.0,1,0.1970378484402394,0.4438894552028009,0.6666666666666666
8.0,12,0.0,2,0.2002372434851536,0.4474787631666486,0.6666666666666666
8.0,12,0.0,3,0.19954780367368113,0.44670773854241785,0.6666666666666666
8.0,12,0.1,1,0.20454240522498607,0.4522636457034614,0.6666666666666666
8.0,12,0.1,2,0.19619337468626566,0.44293721302941536,0.6666666666666666
8.0,12,0.1,3,0.19570517910616939,0.4423857808589347,0.6666666666666666
8.0,12,0.2,1,0.19207878545705961,0.4382679379752295,0.6666666666666666
8.0,12,0.2,2,0.19349006648431422,0.43987505781109504,0.6666666666666666
8.0,12,0.2,3,0.1813339468677771,0.425833238331365,0.6666666666666666
8.0,12,0.3,1,0.1785945063125875,0.42260443243367374,0.6666666666666666
8.0,12,0.3,2,0.18179739694855118,0.4263770595946165,0.6666666666666666
8.0,12,0.3,3,0.1853489173206282,0.4305216804304148,0.6666666666666666
8.0,12,0.4,1,0.17673540990939648,0.42039910788368295,0.6666666666666666
8.0,12,0.4,2,0.18241970801131063,0.42710620226275176,0.6666666666666666
8.0,12,0.4,3,0.1732089884666195,0.4161838397470756,0.6666666666666666
8.0,14,0.0,1,0.2527234349689756,0.5027160579979275,0.7777777777777778
8.0,14,0.0,2,0.25749076298644447,0.5074354766730884,0.7777777777777778
8.0,14,0.0,3,0.23691068399271825,0.4867347162394709,0.7777777777777778
8.0,14,0.1,1,0.24635668876174588,0.49634331743436,0.7777777777777778
8.0,14,0.1,2,0.24970162531121423,0.4997015362305926,0.7777777777777778
8.0,14,0.1,3,0.23633047189904732,0.48613832588991307,0.7777777777777778
8.0,14,0.2,1,0.24883212747691083,0.49883076035556473,0.7777777777777778
8.0,14,0.2,2,0.23876287174108168,0.48863367847609696,0.7777777777777778
8.0,14,0.2,3,0.2371298581543148,0.4869598116419001,0.7777777777777778
8.0,14,0.3,1,0.2528529290319627,0.5028448359404347,0.7777777777777778
8.0,14,0.3,2,0.2589262693787479,0.5088479825829596,0.7777777777777778
8.0,14,0.3,3,0.24727029542461473,0.49726280317817334,0.7777777777777778
8.0,14,0.4,1,0.25172493710985877,0.5017219719225567,0.7777777777777778
8.0,14,0.4,2,0.24114782089884484,0.49106804100739937,0.7777777777777778
8.0,14,0.4,3,0.26608144034048103,0.5158308253104704,0.7777777777777778
8.0,16,0.0,1,0.31869240727220727,0.5645284822506366,0.8888888888888888
8.0,16,0.0,2,0.3718345267494078,0.6097823601494289,0.8888888888888888
8.0,16,0.0,3,0.3688300814637823,0.607313824528787,0.8888888888888888
8.0,16,0.1,1,0.3043649776640238,0.5516928290851929,0.8888888888888888
8.0,16,0.1,2,0.28688918440682704,0.5356203734052944,0.8888888888888888
8.0,16,0.1,3,0.2706187143733155,0.5202102597732147,0.8888888888888888
8.0,16,0.2,1,0.2834651372558343,0.5324144412540237,0.8888888888888888
8.0,16,0.2,2,0.32699169019575225,0.5718318723154143,0.8888888888888888
8.0,16,0.2,3,0.2699161353127315,0.5195345371702746,0.8888888888888888
8.0,16,0.3,1,0.437119863376387,0.6611504090419872,0.8888888888888888
8.0,16,0.3,2,0.44572602839128833,0.6676271627123093,0.8888888888888888
8.0,16,0.3,3,0.4553072365397902,0.674764578604857,0.8888888888888888
8.0,16,0.4,1,0.3125611935835695,0.5590717249008123,0.8888888888888888
8.0,16,0.4,2,0.27483766709451407,0.5242496228844749,0.8888888888888888
8.0,16,0.4,3,0.2585078852860182,0.5084367072566832,0.8888888888888888
8.0,18,0.0,1,0.5160244941610113,0.7183484489862919,1.0
8.0,18,0.0,2,0.6200712451764622,0.7874460268338791,1.0
8.0,18,0.0,3,0.451917552030373,0.6722481327831064,1.0
8.0,18,0.1,1,0.4906215512249005,0.7004438244605348,1.0
8.0,18,0.1,2,0.6771173950322673,0.8228714328692346,1.0
8.0,18,0.1,3,0.6991704094781989,0.8361641043947049,1.0
8.0,18,0.2,1,0.42894989925435667,0.6549426686774626,1.0
8.0,18,0.2,2,0.5106915486800512,0.7146268597527322,1.0
8.0,18,0.2,3,0.4040617951693988,0.6356585523450453,1.0
8.0,18,0.3,1,0.34794856993885326,0.5898716554801166,1.0
8.0,18,0.3,2,0.4089298490257505,0.6394762302273248,1.0
8.0,18,0.3,3,0.39042875910935226,0.6248429875651581,1.0
8.0,18,0.4,1,0.3270720419953116,0.5719021262377957,1.0
8.0,18,0.4,2,0.30642755816530437,0.5535589924888804,1.0
8.0,18,0.4,3,0.3056725995630861,0.5528766585442779,1.0
