folder,L,U,tA,tt,NUP,NDN,E_used,ms_used,E_best,ms_best,gap,best_seed,verdict,n,delta,half,dms
L8n1.000u3.5tA-0.3000tt0.3N32,8.0,3.5,-0.3,0.3,32.0,32.0,-59.256238,0.4617,-59.6378,0.1424,0.381562,random,WORSE_TRIAL_DIFFERENT_ORDER,1.0,0.3,True,0.31930000000000003
L8n1.000u4tA-0.4000tt0.3N32,8.0,4.0,-0.4,0.3,32.0,32.0,-56.851089,0.4865,-57.713379,0.1751,0.86229,random,WORSE_TRIAL_DIFFERENT_ORDER,1.0,0.4,True,0.3114
L8n1.000u4.5tA-0.5000tt0.3N32,8.0,4.5,-0.5,0.3,32.0,32.0,-55.098643,0.5009,-56.581842,0.2014,1.483199,random,WORSE_TRIAL_DIFFERENT_ORDER,1.0,0.5,True,0.2995
L8n1.000u5tA-0.6000tt0.3N32,8.0,5.0,-0.6,0.3,32.0,32.0,-53.783515,0.5104,-55.911695,0.2201,2.12818,random,WORSE_TRIAL_DIFFERENT_ORDER,1.0,0.6,True,0.2903
beta16_L8n1.000u2tA-0.1000tt0.3N32,8.0,2.0,-0.1,0.3,32.0,32.0,-74.569953,0.3133,-74.658158,0.0664,0.088205,random,WORSE_TRIAL_DIFFERENT_ORDER,1.0,0.1,True,0.2469
L8n1.000u2tA-0.1000tt0.3N32,8.0,2.0,-0.1,0.3,32.0,32.0,-74.569953,0.3133,-74.658169,0.0664,0.088216,random,WORSE_TRIAL_DIFFERENT_ORDER,1.0,0.1,True,0.2469
beta48_L8n1.000u2tA-0.1000tt0.3N32,8.0,2.0,-0.1,0.3,32.0,32.0,-74.569953,0.3133,-74.658167,0.0664,0.088214,random,WORSE_TRIAL_DIFFERENT_ORDER,1.0,0.1,True,0.2469
L10n1.000u3tA-0.3000tt0.3N50,10.0,3.0,-0.3,0.3,50.0,50.0,-104.386935,0.3092,-105.185435,0.0845,0.7985,random,WORSE_TRIAL_DIFFERENT_ORDER,1.0,0.3,True,0.22469999999999996
L10n1.000u4.5tA-0.5000tt0.3N50,10.0,4.5,-0.5,0.3,50.0,50.0,-87.879804,0.401,-88.106415,0.1772,0.226611,random,WORSE_TRIAL_DIFFERENT_ORDER,1.0,0.5,True,0.22380000000000003
L10n1.000u3.5tA-0.4000tt0.3N50,10.0,3.5,-0.4,0.3,50.0,50.0,-100.988528,0.3292,-102.200923,0.1101,1.212395,random,WORSE_TRIAL_DIFFERENT_ORDER,1.0,0.4,True,0.2191
L10n1.000u5tA-0.6000tt0.3N50,10.0,5.0,-0.6,0.3,50.0,50.0,-86.35006,0.4035,-87.001233,0.1872,0.651173,random,WORSE_TRIAL_DIFFERENT_ORDER,1.0,0.6,True,0.21630000000000002
L10n1.000u4.5tA-0.4000tt0.3N50,10.0,4.5,-0.4,0.3,50.0,50.0,-78.628212,0.6531,-79.985167,0.4744,1.356956,random,WORSE_TRIAL_DIFFERENT_ORDER,1.0,0.4,True,0.17870000000000003
L10n1.000u4tA-0.3000tt0.3N50,10.0,4.0,-0.3,0.3,50.0,50.0,-83.130727,0.6324,-83.223823,0.4592,0.093096,random,WORSE_TRIAL_DIFFERENT_ORDER,1.0,0.3,True,0.17319999999999997
L12n1.000u3.5tA-0.4000tt0.3N72,12.0,3.5,-0.4,0.3,72.0,72.0,-146.534706,0.269,-147.056164,0.1005,0.521458,random,WORSE_TRIAL_DIFFERENT_ORDER,1.0,0.4,True,0.1685
L12n1.000u4tA-0.5000tt0.3N72,12.0,4.0,-0.5,0.3,72.0,72.0,-143.513077,0.276,-144.309914,0.1145,0.796837,random,WORSE_TRIAL_DIFFERENT_ORDER,1.0,0.5,True,0.16150000000000003
L12n1.000u4.5tA-0.6000tt0.3N72,12.0,4.5,-0.6,0.3,72.0,72.0,-141.553151,0.2814,-142.61665,0.1264,1.0635,random,WORSE_TRIAL_DIFFERENT_ORDER,1.0,0.6,True,0.15499999999999997
L10n1.000u2tA-0.1000tt0.3N50,10.0,2.0,-0.1,0.3,50.0,50.0,-117.075219,0.2426,-117.157961,0.0913,0.082742,random,WORSE_TRIAL_DIFFERENT_ORDER,1.0,0.1,True,0.1513
L12n1.000u2tA-0.1000tt0.3N72,12.0,2.0,-0.1,0.3,72.0,72.0,-169.175638,0.15,-169.404227,0.0004,0.228589,random,WORSE_TRIAL_DIFFERENT_ORDER,1.0,0.1,True,0.14959999999999998
L12n1.000u5tA-0.7000tt0.3N72,12.0,5.0,-0.7,0.3,72.0,72.0,-140.445527,0.2861,-141.760586,0.1367,1.315059,random,WORSE_TRIAL_DIFFERENT_ORDER,1.0,0.7,True,0.14940000000000003
L12n1.000u4.5tA-0.4000tt0.3N72,12.0,4.5,-0.4,0.3,72.0,72.0,-114.485157,0.5799,-114.897154,0.4344,0.411997,random,WORSE_TRIAL_DIFFERENT_ORDER,1.0,0.4,True,0.14549999999999996
L14n1.000u3.5tA-0.3000tt0.3N98,14.0,3.5,-0.3,0.3,98.0,98.0,-182.455807,0.4235,-183.282994,0.3022,0.827187,pm,WORSE_TRIAL_DIFFERENT_ORDER,1.0,0.3,True,0.12129999999999996
L8n1.000u3tA-0.1000tt0.3N32,8.0,3.0,-0.1,0.3,32.0,32.0,-60.818637,0.5684,-60.942586,0.4547,0.123949,random,WORSE_TRIAL_DIFFERENT_ORDER,1.0,0.1,True,0.11370000000000002
L8n1.000u3.5tA-0.2000tt0.3N32,8.0,3.5,-0.2,0.3,32.0,32.0,-56.541538,0.6134,-56.637515,0.4998,0.095977,random,WORSE_TRIAL_DIFFERENT_ORDER,1.0,0.2,True,0.11359999999999992
L14n1.000u3.0tA-0.2tt0.3N98,14.0,3.0,-0.2,0.3,98.0,98.0,-192.87884,0.4104,-193.07836,0.2989,0.19952,random,WORSE_TRIAL_DIFFERENT_ORDER,1.0,0.2,True,0.11149999999999999
L14n1.000u4.0tA-0.3tt0.3N98,14.0,4.0,-0.3,0.3,98.0,98.0,-163.404755,0.6176,-163.572424,0.5223,0.167669,random,WORSE_TRIAL_DIFFERENT_ORDER,1.0,0.3,True,0.09530000000000005
L18n1.000u4.0tA-0.3000tt0.3N162,18.0,4.0,-0.3,0.3,162.0,162.0,-270.404407,0.6095,-270.632038,0.5479,0.22763,random,WORSE_TRIAL_DIFFERENT_ORDER,1.0,0.3,True,0.06159999999999999
L12n1.000u3.5tA-0.2000tt0.3N72,12.0,3.5,-0.2,0.3,72.0,72.0,-127.656636,0.5968,-127.668114,0.5421,0.011478,random,WORSE_TRIAL_DIFFERENT_ORDER,1.0,0.2,True,0.05469999999999997
L12n1.000u3tA-0.1000tt0.3N72,12.0,3.0,-0.1,0.3,72.0,72.0,-137.190317,0.5543,-137.222977,0.5009,0.03266,random,WORSE_TRIAL_DIFFERENT_ORDER,1.0,0.1,True,0.0534
