L,nup,delta,U,seed,apx,apy,chi_son_full,chi_son_vertex,chi_sext_full,chi_sext_vertex,chi_d_full,chi_d_vertex,chi_dxy_full,chi_dxy_vertex,n
12,72,0.2,4.0,1,-1,-1,4.024922128581067,-4.610431249622846,29.36802312745366,3.967077458786125,31.726110060599957,2.670664996268665,31.30945067167223,-0.6864207066978,1.0
12,72,0.2,4.0,2,-1,-1,4.0478957971379845,-4.711633602598683,29.216885539075346,3.897274085487189,31.774425278256405,2.772248102978367,32.02236576794384,-0.4379915777748107,1.0
12,72,0.2,4.0,3,-1,-1,4.020742940490519,-4.6142555799487806,29.245286894590908,3.8717003164647985,31.05951123697012,2.21982195819089,31.54848282383208,-0.3547536101771651,1.0
12,72,0.2,4.0,4,-1,-1,4.021688965239723,-4.644333213783567,29.30508531376923,3.930535231088669,31.277443731361235,2.4889624797078325,31.20955272434036,-0.8032085744112182,1.0
12,72,0.2,4.0,5,-1,-1,4.0211580257493535,-4.634028099039643,29.179660809679064,3.8849286381899666,30.906195443710953,2.1542309732860185,31.837430048893943,-0.3381030232749796,1.0
12,72,0.2,4.0,6,-1,-1,4.006049143741795,-4.555801017212167,29.150429969583495,3.854301199240043,31.28604079285359,2.5965251358169796,31.84163992892767,-0.1616861397303206,1.0
12,72,0.5,4.0,1,-1,-1,4.460971341579651,-4.693503063695612,26.593170290553473,2.6552813634850985,26.37829461540112,1.1665273757434536,28.788897025049422,3.239612872613854,1.0
12,72,0.5,4.0,2,-1,-1,4.459628095621307,-4.691570389650789,26.596198483954417,2.6750639826079854,26.22831762295839,0.9749234453413052,28.717566276413756,3.223481788214491,1.0
12,72,0.5,4.0,3,-1,-1,4.455462159728962,-4.682471405185319,26.554917227194245,2.6657847656530107,26.40531713061308,1.0048370155938529,28.697110023544667,3.1908878928847235,1.0
12,72,0.5,4.0,4,-1,-1,4.4526307041395805,-4.683306911262429,26.580017315551608,2.6591387363591212,26.278258945841017,1.019759976382944,28.68137401339767,3.237398386922564,1.0
12,72,0.5,4.0,5,-1,-1,4.462661220587511,-4.693176073084661,26.61214709697007,2.675996864129773,25.957550829139137,0.8092670029500448,28.62956194791069,3.1336424797915745,1.0
12,72,0.5,4.0,6,-1,-1,4.469041016333952,-4.707027957736164,26.57874679534129,2.6089556243473107,26.354547584893112,1.0361844341509736,28.741411307492807,3.2418152428965543,1.0
12,72,0.4,4.0,1,-1,-1,4.333464072462597,-4.727080482677935,27.396483578107095,2.9639158027864982,28.21421048330673,1.229839008696742,29.64076272458163,3.45455772970774,1.0
12,72,0.4,4.0,2,-1,-1,4.319723399484025,-4.638241493410598,27.48503937738493,2.9595308939995606,28.02184794796415,1.1855224631207288,29.626962890573942,3.4643914003346596,1.0
12,72,0.4,4.0,3,-1,-1,4.317929949782718,-4.737460645506123,27.482078438687417,3.059776037518646,28.21835582870403,1.4330494960602258,29.520758038759368,3.327207555529405,1.0
12,72,0.4,4.0,4,-1,-1,4.327438473975915,-4.748074053085077,27.49960894997987,3.0499672180659827,28.504459149451613,1.5445762528595934,29.600391919441893,3.492667346691758,1.0
12,72,0.4,4.0,5,-1,-1,4.322941640217744,-4.732264393815676,27.44962069640569,3.018313907431441,28.31463513415316,1.485681004954494,29.65847141246627,3.4990169373625912,1.0
12,72,0.4,4.0,6,-1,-1,4.339752444104873,-4.732727176328554,27.51903579880659,3.0359660959425563,28.076044741412215,1.0908708739852429,29.577373118155236,3.448770320803603,1.0
12,72,0.3,4.0,1,-1,-1,4.161388558088538,-4.711029361163048,28.313064543996983,3.3905184502986003,30.284669270110204,2.01364837405035,30.496993166352592,3.6713904411445704,1.0
12,72,0.3,4.0,2,-1,-1,4.162587062360634,-4.632047402751445,28.224770423476116,3.2986781795651168,30.276130950046024,1.820037225938178,30.28423807762876,3.4746169171562498,1.0
12,72,0.3,4.0,3,-1,-1,4.157045147202635,-4.662331881024221,28.342073727033306,3.4246454170684815,30.300736073757015,1.9095679218736912,30.247850354432,3.6129481976526376,1.0
12,72,0.3,4.0,4,-1,-1,4.152507403044124,-4.693444106431896,28.293593239864673,3.4208527984544146,30.00644287417266,1.765092874256593,30.523053669078266,3.7987777937227234,1.0
12,72,0.3,4.0,5,-1,-1,4.151501072667232,-4.664605028480229,28.3082121502375,3.474220152260595,30.19837286834146,1.949663566139457,30.332387719998053,3.6932223892695673,1.0
12,72,0.3,4.0,6,-1,-1,4.154702833655719,-4.671925655731864,28.380741209914436,3.428364790538982,29.861508857473662,1.6654512009930973,30.209832337848525,3.5822464081108736,1.0
12,72,0.6,4.0,1,-1,-1,4.556104835245804,-4.592145871327626,25.71134580850594,2.351828181524727,24.378194757064165,0.8060729291007416,27.687072968690508,2.8831589156912507,1.0
12,72,0.6,4.0,2,-1,-1,4.560306577963815,-4.597824731945029,25.64289092811477,2.297026024833135,24.26060266236287,0.6999744666209574,27.690724144977565,2.912233510994272,1.0
12,72,0.6,4.0,3,-1,-1,4.556922024987193,-4.596819902746448,25.68582314998709,2.3525307808653286,24.46063562816283,0.9332138248549476,27.642653750816315,2.8898600783927804,1.0
12,72,0.6,4.0,4,-1,-1,4.559477353451875,-4.58879258067382,25.68050958310804,2.346582772160391,24.31400712076291,0.7803147140366061,27.676948713709272,2.9395016180344653,1.0
12,72,0.6,4.0,5,-1,-1,4.55186657274921,-4.572881022790986,25.686367907579523,2.341271221670554,24.29093997039167,0.7337796761404485,27.60551626935228,2.85740642538552,1.0
12,72,0.6,4.0,6,-1,-1,4.547062606869811,-4.59487977652068,25.71604859232351,2.3439957290628133,24.324369609413672,0.748615076099535,27.640437897441352,2.8861143370383955,1.0
12,72,0.7,4.0,1,-1,-1,4.619985324309591,-4.4357737515208395,24.830302556925023,2.094897930345724,22.431905622615155,0.5919049910167498,26.563868915100137,2.568931596486495,1.0
12,72,0.7,4.0,2,-1,-1,4.635745435766324,-4.464976001056958,24.81620505966017,2.0582850143768625,22.489198148045848,0.5691606608063082,26.59232474173093,2.5505272323610164,1.0
12,72,0.7,4.0,3,-1,-1,4.627213811119119,-4.452512027271404,24.827376171980575,2.08814038373471,22.3345636696393,0.56393085699945,26.579819521420188,2.5409880463923677,1.0
12,72,0.7,4.0,4,-1,-1,4.6208688060874765,-4.437398550599964,24.766004105220684,2.05118548588083,22.572141938255513,0.6541272971839424,26.58007061076501,2.602359297896965,1.0
12,72,0.7,4.0,5,-1,-1,4.631848846836845,-4.458193122768634,24.815012594974217,2.0662905362843285,22.56653291657142,0.6441470973330748,26.590568219533544,2.575156601489416,1.0
12,72,0.7,4.0,6,-1,-1,4.61909864750608,-4.452735100376789,24.823319106680643,2.0945949201578555,22.481714530827173,0.6177435796712654,26.61030018449872,2.6090053789836434,1.0
12,72,0.0,4.0,1,-1,-1,3.80821207557496,-4.298935957091999,30.12724040597733,4.1958490839473015,34.25347730468302,3.993195933153568,29.86913798123136,-1.3115368361749729,1.0
12,72,0.0,4.0,2,-1,-1,3.825982752797077,-4.485099461927796,30.079195410363365,4.344172191773993,32.972310489996076,2.960516838170423,29.92357861692468,-1.4300780520146177,1.0
12,72,0.0,4.0,3,-1,-1,3.803616137555133,-4.437979213394511,30.27848258024567,4.435901456700227,35.48868426601082,4.8308916113671385,29.721695473327536,-1.4597595141901665,1.0
12,72,0.0,4.0,4,-1,-1,3.8070572185505425,-4.320709993189871,30.41401552513664,4.465774385537488,34.45372196047493,4.019894878435399,29.841830417904884,-1.4102526036500198,1.0
12,72,0.0,4.0,5,-1,-1,3.8390248952326673,-4.475857127949522,30.30312719671442,4.466224067685031,34.555566340194716,4.169195618774914,30.06001476028848,-1.246488254189909,1.0
12,72,0.0,4.0,6,-1,-1,3.8189104913980545,-4.393014831090491,30.112336155887512,4.310329534292643,33.873898617201895,3.57669622046339,30.104440589901746,-1.295889449072345,1.0
12,72,0.1,4.0,1,-1,-1,3.940866293213925,-4.602380286516502,30.0130645544866,4.283957407659941,32.283555846468985,3.0147545993875733,31.59175192570833,-0.6315104298575381,1.0
12,72,0.1,4.0,2,-1,-1,3.958247466226241,-4.633631421281718,29.9856113247074,4.303258357248916,32.40204854359032,2.923727728754541,31.405748515268932,-0.8372734135094492,1.0
12,72,0.1,4.0,3,-1,-1,3.926941685390848,-4.631757312958888,30.142612079794525,4.4345095803823655,32.38800830884614,3.003149606861063,31.733056371118288,-0.698626455163392,1.0
12,72,0.1,4.0,4,-1,-1,3.936018601478651,-4.611667862009805,30.098021577370087,4.4122782322652565,31.930377833958698,2.756591848521872,31.850571563142505,-0.363565886958984,1.0
12,72,0.1,4.0,5,-1,-1,3.9148331108058025,-4.4553787549283035,29.849223912163524,4.105401678281154,31.87847162976717,2.754788022035413,31.46118116310479,-0.3792451330278856,1.0
12,72,0.1,4.0,6,-1,-1,3.9229158589924777,-4.51616019412851,29.86182131794384,4.248730849024139,31.857485380031257,2.6553326254871488,31.406191459608216,-0.6398742665154089,1.0
12,72,0.0,4.0,1,-1,1,3.8264488403096024,-4.439093749784795,30.46206162726912,4.472561362702412,33.34642554868384,3.713469907771196,38.148895676360695,-1.1615859979290992,1.0
12,72,0.0,4.0,2,-1,1,3.81065407804516,-4.4763243425807735,30.52211582118831,4.468481918666048,32.738881242299406,3.1682967996633713,38.34601805923775,-1.1813123671598806,1.0
12,72,0.0,4.0,3,-1,1,3.788268514761788,-4.369406590388001,30.3922023641528,4.393431183084125,33.27602642751905,3.656338323600512,37.94502406151049,-0.9028646131164396,1.0
12,72,0.0,4.0,4,-1,1,3.801486375679436,-4.437492773397168,30.510546067510926,4.507771673797626,33.50875988776957,3.9068537942138297,38.18905240551794,-0.9164060989071604,1.0
12,72,0.0,4.0,5,-1,1,3.8194679259832087,-4.453803115350212,30.619671244959285,4.528944657118134,33.989487325311515,4.164980344721255,37.755771088323215,-1.405747856933407,1.0
12,72,0.0,4.0,6,-1,1,3.8274310895029577,-4.423395184083443,30.541778381506607,4.482785346551493,33.62288893252365,3.87659738473387,39.04567587650475,-0.743860836946947,1.0
12,72,0.1,4.0,1,-1,1,3.866115918772427,-4.515655372193126,30.31903423015661,4.427400908706538,31.79908838973656,3.214137091745742,39.61557527660051,-0.8414635600152017,1.0
12,72,0.1,4.0,2,-1,1,3.863479908428362,-4.494546722183644,30.16515640939849,4.288394556915857,31.288277941306905,2.8806828227277252,39.37392781559706,-1.062421711409065,1.0
12,72,0.1,4.0,3,-1,1,3.864166510831031,-4.453321776647571,30.17817678714736,4.236839945149894,32.135078831757646,3.5064616611234554,38.617452327538615,-1.6247332432723496,1.0
12,72,0.1,4.0,4,-1,1,3.848939743989541,-4.343424288685433,30.24527104926283,4.262142815097258,32.08739000329019,3.467725553250048,38.92427459946081,-1.1528475570943628,1.0
12,72,0.1,4.0,5,-1,1,3.8698408160974496,-4.52354355163005,30.289180907513675,4.314778955329356,32.24740003600776,3.883760003168491,39.55398125643935,-1.0774147748251688,1.0
12,72,0.1,4.0,6,-1,1,3.8497597839503377,-4.487071481532744,30.17214184677545,4.31182585355432,32.42119244846424,3.7093696702927375,39.11032990053186,-1.1670531217100315,1.0
12,72,0.2,4.0,1,-1,1,3.9998321508336248,-4.648809199855124,29.519687160692957,4.263170622411173,35.02881381942827,3.260818662069788,36.37666966496725,1.1798905651039575,1.0
12,72,0.2,4.0,2,-1,1,3.9865814645484527,-4.581407073909556,29.484237992885973,4.224798612217892,35.24881802768759,3.580826922666499,35.83922749818622,1.0814692808317754,1.0
12,72,0.2,4.0,3,-1,1,3.965800546543368,-4.48604796479289,29.46270904232042,4.216696348572996,35.03803458972774,3.5466449395578294,35.74418758775786,0.9434243071811246,1.0
12,72,0.2,4.0,4,-1,1,3.970886825116493,-4.555035654129212,29.30883032717959,4.156513170362253,34.791241686602135,3.476929096625193,35.72066611687871,0.9141925555009444,1.0
12,72,0.2,4.0,5,-1,1,3.987924423889362,-4.593505870421606,29.37604841846919,4.195182099041206,34.28830271622892,3.000261963481335,35.53475619643289,0.37931947346574,1.0
12,72,0.2,4.0,6,-1,1,3.9742342829166217,-4.548379498589961,29.471955202822265,4.254397507806855,34.380521944141854,3.24912485546463,35.87199941967261,0.8605069286047277,1.0
12,72,0.3,4.0,1,-1,1,4.19195183869032,-4.7170221579475715,29.041462794202378,3.971606577053595,37.46938015137187,2.9809379038981043,35.36362307957985,4.445012865435146,1.0
12,72,0.3,4.0,2,-1,1,4.164066152364763,-4.702130865935556,28.935217234974058,4.004283624854045,36.46780873690167,2.304667543130332,35.235480526346024,4.463989224551069,1.0
12,72,0.3,4.0,3,-1,1,4.161415841814978,-4.740284315148765,28.959532250509312,4.007712114759775,37.53118547816739,3.0778227371902114,35.16163648958652,4.3444661193017815,1.0
12,72,0.3,4.0,4,-1,1,4.153017083124064,-4.660308020148208,28.89892957031375,4.0040363252154325,36.74364475540149,2.567626741799396,35.42003454294599,4.60991110117714,1.0
12,72,0.3,4.0,5,-1,1,4.17839062817648,-4.759696678334739,28.952695536555854,4.015212828478328,37.38801192164354,2.822645994944886,35.26425336917622,4.506265345669496,1.0
12,72,0.3,4.0,6,-1,1,4.164232395593417,-4.710214636280712,28.88478644928769,3.9517052315520886,36.421137407440966,2.34432804898319,35.276562270029615,4.461817649817668,1.0
12,72,0.4,4.0,1,-1,1,4.3326513880886655,-4.715766411942238,28.115670069106365,3.620847812592456,35.59496535277172,2.6206181112605074,34.30485711937806,4.361746731802692,1.0
12,72,0.4,4.0,2,-1,1,4.326408186134783,-4.713281841338229,27.9808990834532,3.536039039730967,34.68485718101891,1.897986325570596,34.22425455835945,4.321850532569691,1.0
12,72,0.4,4.0,3,-1,1,4.32489194149285,-4.727986238665873,27.98060831756535,3.514609693434754,35.91476914371394,2.78181051765796,34.31563445727302,4.303874815991745,1.0
12,72,0.4,4.0,4,-1,1,4.33763952760776,-4.760505118604181,28.057629872907533,3.5963919394410566,34.71468329900793,1.7913119568851734,34.415313700662985,4.367348915869823,1.0
12,72,0.4,4.0,5,-1,1,4.333490677558171,-4.74835949296596,27.914195753647142,3.513931512314649,35.46012164819991,2.416711820007425,34.276217114662,4.323665466298486,1.0
12,72,0.4,4.0,6,-1,1,4.316427405748913,-4.693860933061222,27.97552296185457,3.5175109492521224,35.583366648383155,2.6827426789854836,34.28618765164974,4.348760536051918,1.0
12,72,0.5,4.0,1,-1,1,4.462000518993572,-4.71646438508189,27.09784789289077,3.189491252358377,33.582141734153595,1.950775561633477,32.99561874506658,3.966332655392319,1.0
12,72,0.5,4.0,2,-1,1,4.453844531978606,-4.672352260852909,27.038686824958667,3.18183536984105,33.42848381307372,1.925428961751375,32.91603721929205,3.9112009980874056,1.0
12,72,0.5,4.0,3,-1,1,4.450464187190358,-4.670436960651874,27.02851292705325,3.1731779461802647,33.587322890711064,1.939892987817352,32.93855126848047,3.942228048252729,1.0
12,72,0.5,4.0,4,-1,1,4.455856543016343,-4.688988472625034,27.07681491838091,3.202141697023044,33.47419991280016,2.0626339004533225,33.017050167903065,4.008947823230495,1.0
12,72,0.5,4.0,5,-1,1,4.474565869673934,-4.715337379278767,27.07641898716968,3.180983090364035,33.78144983310369,2.1102030960925275,33.01611566008438,3.974956137192146,1.0
12,72,0.5,4.0,6,-1,1,4.463194778078853,-4.704139123800346,27.130062729109216,3.2204715866221902,34.0308893250874,2.214012679107222,32.94441559193268,3.9463730982033223,1.0
12,72,0.6,4.0,1,-1,1,4.551184239352277,-4.596664358189408,26.16868923292165,2.8716673221344813,32.0079856402588,1.743744617279549,31.531113449786226,3.4904617727930267,1.0
12,72,0.6,4.0,2,-1,1,4.5479616457296945,-4.5896526627467376,26.124219338293575,2.844333172085922,32.458425322007656,2.0338819928598424,31.492402450432092,3.516216058252776,1.0
12,72,0.6,4.0,3,-1,1,4.548321189351386,-4.592021810970589,26.10869032495876,2.825156061245694,32.10790394113845,1.7599418570360723,31.507091906892537,3.492854354728057,1.0
12,72,0.6,4.0,4,-1,1,4.5446437774611566,-4.576621293353599,26.16355691859466,2.9119468430003925,31.891853784213037,1.667930406520585,31.492439413365304,3.5154422331199333,1.0
12,72,0.6,4.0,5,-1,1,4.555148563997623,-4.589860085525477,26.1170855547217,2.852064489301731,32.1667695261126,1.82105520450469,31.520268729788334,3.519956872868138,1.0
12,72,0.6,4.0,6,-1,1,4.554824100590518,-4.581603631088868,26.104999803726617,2.844632338666325,31.68679413824386,1.3911933617443657,31.51816924264707,3.526898156153777,1.0
12,72,0.7,4.0,1,-1,1,4.608117435108734,-4.450875538094577,25.29816792616771,2.62324923213581,31.210817317627164,1.948709870398612,30.064927496184556,3.064715945257333,1.0
12,72,0.7,4.0,2,-1,1,4.60486076493819,-4.445556705220338,25.26804472542606,2.6070515688442812,31.22660448628971,1.9849782184706384,30.051558642843823,3.098209307123354,1.0
12,72,0.7,4.0,3,-1,1,4.610880717089346,-4.44381288317524,25.292241634278515,2.6121101031907488,30.68230589280988,1.5395754998558324,30.08741822253132,3.0676521772365315,1.0
12,72,0.7,4.0,4,-1,1,4.615498223738734,-4.462006861811865,25.31664359214179,2.625365013348646,30.668133759027604,1.4680129862741151,30.1230204426083,3.1103318958171124,1.0
12,72,0.7,4.0,5,-1,1,4.609469808454625,-4.442471402870832,25.295200791915267,2.5849068958887194,30.75963294754219,1.5515086305625947,30.058249826759095,3.0904014237675645,1.0
12,72,0.7,4.0,6,-1,1,4.6123954192926835,-4.4484372488551855,25.300690450918744,2.6176960173634995,31.088342871306217,1.8168904780464004,30.086111092392503,3.0947104885738064,1.0
12,72,0.7,6.0,1,-1,-1,2.70023906912691,-2.978894746989858,20.27082545010547,2.666672142978566,16.851281920893094,1.1056784997960496,21.41242114772791,3.1760542672222267,1.0
12,72,0.7,6.0,2,-1,-1,2.7168107876005587,-3.038481033812124,20.169893627928225,2.602429981065118,16.925003851089947,1.1856369374180626,21.740135199897782,3.3257980239735083,1.0
12,72,0.7,6.0,3,-1,-1,2.711528060496865,-3.0636244225547182,20.208283712749605,2.6696182926697363,16.99679716542632,1.367939512412538,21.544973299032648,3.378335310130254,1.0
12,72,0.7,6.0,4,-1,-1,2.708156679387028,-3.028591142815272,19.998419491567187,2.527188791467975,16.74135601704138,1.1182627812900334,21.620455623116182,3.4251901830576443,1.0
12,72,0.7,6.0,5,-1,-1,2.7054213463545733,-2.972989178994208,20.237358460416196,2.651393210246516,16.950889464259667,1.2165960413994894,21.5005903818633,3.285540820002447,1.0
12,72,0.7,6.0,6,-1,-1,2.703238812381098,-2.9496128990254653,20.129156250445412,2.541725723176373,16.94008575869612,1.2590179377879458,21.439769071404505,3.1841909891224582,1.0
12,72,0.6,6.0,1,-1,-1,2.598081811124821,-2.925922291009754,20.58806428284177,2.776110309649396,17.580469212651728,1.4359588635344367,22.064882877405974,3.649595801812094,1.0
12,72,0.6,6.0,2,-1,-1,2.596397207393486,-2.817097168069257,20.800746985649017,2.9005397637267065,17.669340646645374,1.3894189632205856,22.0134819924946,3.3883805465965957,1.0
12,72,0.6,6.0,3,-1,-1,2.58777260455276,-2.813670363466053,20.684976142630937,2.7527983174778705,18.005159213363754,1.6848426204402949,21.90377321496614,3.35694295075164,1.0
12,72,0.6,6.0,4,-1,-1,2.6060996410413124,-2.9501681697102073,20.825458344830132,2.821584697344934,17.990694310850255,1.6881942238012706,21.889045572219707,3.4537475804267386,1.0
12,72,0.6,6.0,5,-1,-1,2.618272862162918,-2.9389836092417063,20.7600756130491,2.871920165531889,17.940588762847558,1.7360067634896708,22.28524089439417,3.744878650120688,1.0
12,72,0.6,6.0,6,-1,-1,2.5906620121857955,-2.79934106757525,20.596505844542992,2.773652300561501,17.442167709618978,1.153493736374842,21.86234954297243,3.3706044819408674,1.0
12,72,0.4,6.0,1,-1,-1,2.315835748012044,-2.4978511047918905,21.9058853095252,3.3437448418060605,19.32499399961403,1.965364115103167,22.252583589682637,3.5608308267563302,1.0
12,72,0.4,6.0,2,-1,-1,2.372592138294699,-2.773433593088179,22.13279947850257,3.51606257129135,20.087770341185266,2.634847853350123,22.289223147486005,3.519381241077034,1.0
12,72,0.4,6.0,3,-1,-1,2.3610434160230556,-2.7436933763168136,21.76800318641214,3.267177446018914,19.59876347265457,2.3549803875177417,22.496267068193536,3.618388796746723,1.0
12,72,0.4,6.0,4,-1,-1,2.339289662869658,-2.601557742837004,22.072720257034057,3.443500324928619,18.939820874731453,1.8650654568034113,22.0853204578331,3.4176848095643573,1.0
12,72,0.4,6.0,5,-1,-1,2.3568129776608244,-2.5976723554662895,21.76216008941997,3.304144699453759,19.236027126626237,2.017858035444388,22.3742106292037,3.2318035457735057,1.0
12,72,0.4,6.0,6,-1,-1,2.3532953520430944,-2.4475104003659283,21.904292732714488,3.129451904905655,19.880697853729508,2.159513991446828,21.89758303177789,3.2297383233783648,1.0
12,72,0.5,6.0,1,-1,-1,2.45910654329356,-2.676015667995235,21.249988788106144,2.7977676737509865,18.253084748176494,1.136379431734626,22.074355138207217,3.5002032471914175,1.0
12,72,0.5,6.0,2,-1,-1,2.499806354437226,-2.8275900229335926,21.252241923825142,3.040859490001268,18.923851625886215,1.9671764696963172,22.06297062190919,3.467130853968311,1.0
12,72,0.5,6.0,3,-1,-1,2.4876745528650774,-2.7275352472551138,21.418087713942267,3.0238805806616,18.59327635150976,1.726595728827326,22.01084316052847,3.465859825844139,1.0
12,72,0.5,6.0,4,-1,-1,2.493941806967986,-2.8638467393948894,21.430652008857724,3.2823585904848143,18.31856472958583,1.6252528832815345,22.17841275812895,3.559575547282428,1.0
12,72,0.5,6.0,5,-1,-1,2.463496367573991,-2.65373082879996,21.40866677445284,3.050760003733512,18.812494540364703,1.5802629863961937,22.43578670808522,3.4831031438595774,1.0
12,72,0.5,6.0,6,-1,-1,2.481875656659944,-2.687760669209348,21.421917302441543,3.1064675965230237,18.796291199118972,1.9969110124146712,22.05335489141358,3.4506766024287017,1.0
12,72,0.5,6.0,1,-1,1,2.481313926483211,-2.762664478780505,22.143577862132037,3.607552697834735,18.920148191238763,1.4934016802010843,25.609335809449796,4.521303597669657,1.0
12,72,0.5,6.0,2,-1,1,2.487717501173717,-2.7687228867653895,22.024223934124713,3.4343872236423763,19.520541438657027,1.83745666285756,25.408049192321997,4.440902647464842,1.0
12,72,0.5,6.0,3,-1,1,2.4857413473254204,-2.7252819884079864,22.028069149158036,3.4514248885570966,19.54394134880874,1.846402713819811,25.32217546552034,4.2700428075439305,1.0
12,72,0.5,6.0,4,-1,1,2.482279497715198,-2.80126772470563,21.925382302541095,3.5124377746588338,19.773045997352813,2.164732456173632,25.525491540775995,4.5154206845052105,1.0
12,72,0.5,6.0,5,-1,1,2.4824613929746127,-2.8211769473583077,22.169400367639213,3.5585275189564256,19.85112435351417,1.917121117917723,25.051747015599343,4.222711252908489,1.0
12,72,0.5,6.0,6,-1,1,2.480482605139909,-2.699433873841072,21.99298126281347,3.369078582792927,19.597455341066663,2.1037856915291995,25.0828607183893,4.175250396490395,1.0
12,72,0.6,6.0,1,-1,1,2.6061653314923667,-2.9476730998235015,21.464908563105592,3.336662033063471,19.85246856752344,2.3745519056363937,24.851488075486508,4.196101009734619,1.0
12,72,0.6,6.0,2,-1,1,2.6340800553570043,-3.0344650836917553,21.627780387936507,3.5238254959581505,19.178870581950022,1.6184872080481434,25.15824136059253,4.4832663217583235,1.0
12,72,0.6,6.0,3,-1,1,2.6053398727040338,-2.9656025846412684,21.41880937625714,3.326036659622482,18.96402053013918,1.579467510960814,24.916162196787347,4.183737596274696,1.0
12,72,0.6,6.0,4,-1,1,2.6202213519048057,-2.9933347131583665,21.444475805757463,3.282571281875934,19.135608355393913,1.7575053372478693,25.081880893678267,4.356875301735508,1.0
12,72,0.6,6.0,5,-1,1,2.603081639750132,-2.9498068376580884,21.497273728014136,3.3217870913441474,19.874664397479,2.355869143056029,24.95025331858779,4.259561504317807,1.0
12,72,0.6,6.0,6,-1,1,2.608714842505324,-2.9214808197632314,21.538828979644443,3.3214172431377436,19.24599449055621,1.8495420153592117,24.94158223366464,4.166355640668028,1.0
12,72,0.7,6.0,1,-1,1,2.701143193266573,-2.996056555560082,20.854782348770502,3.109730606531424,18.697633664451622,1.6849504814894842,24.300954391639756,3.9826570297131303,1.0
12,72,0.7,6.0,2,-1,1,2.681332301092413,-2.889469162917804,20.773769545403628,2.964403172903855,18.423502572038178,1.474463069766466,24.18391157188603,3.806596895120371,1.0
12,72,0.7,6.0,3,-1,1,2.70741540329844,-2.995330828886432,20.963684150899912,3.078311359328128,18.74114615266775,1.5976792804038904,24.202220347717866,3.856303632420496,1.0
12,72,0.7,6.0,4,-1,1,2.705940609504675,-3.0510379332879785,20.986612115434873,3.1872836672750795,18.65455138199335,1.647981878156084,24.327798771305385,3.9897817722179183,1.0
12,72,0.7,6.0,5,-1,1,2.709540093155623,-3.0308910649633347,21.02793124461731,3.1744078235579996,18.58843700826739,1.4561549836097538,24.300961136151567,3.954237651972336,1.0
12,72,0.7,6.0,6,-1,1,2.706923746293184,-2.9967719951171317,20.88252533315255,3.128701643883241,18.418578577152953,1.4017440492795392,24.346242910835503,3.972982901902017,1.0
12,72,0.0,6.0,1,-1,1,1.9244033517763,-2.3348341224620732,24.29900548167613,4.746306255431483,21.18304964142131,4.709498731415477,19.72617891353076,-1.6803937294707694,1.0
12,72,0.0,6.0,2,-1,1,1.8913847413383684,-1.9486448429009475,24.553415154803712,4.320908129251761,20.64606047247741,3.293214878729708,19.809387267004627,-1.0188542201199,1.0
12,72,0.0,6.0,3,-1,1,1.8667548478126037,-2.0126208176945797,24.159910410124365,4.316820645449952,20.11851413815648,3.2133229190032173,18.89591701584484,-1.3319529164794528,1.0
12,72,0.0,6.0,4,-1,1,1.898141911245434,-1.8724048853899813,23.96023465850977,4.032118450031855,21.225773345372012,3.4414262996023317,18.245807365751283,-1.4775524251470675,1.0
12,72,0.0,6.0,5,-1,1,1.8896655317744615,-1.8903244714002736,24.13104512692309,3.911259602174495,20.977985566832356,3.497255838390642,19.27125619585891,-1.2596853182855543,1.0
12,72,0.0,6.0,6,-1,1,1.92407840592178,-2.0430447593324685,24.389105530560062,4.322437466304752,19.97123898633304,3.0798551436905197,20.17179725396584,-0.7284915384571116,1.0
12,72,0.1,6.0,1,-1,1,1.9393450632580784,-2.1052198064416716,24.0324103266533,4.223379435823692,19.670096619231423,3.004408827865523,19.999569583698857,-0.4228153490279935,1.0
12,72,0.1,6.0,2,-1,1,1.962639053729557,-2.2054539363640435,24.67034739657735,4.861900622128353,20.711561888607257,3.5995989949742664,20.246832072995495,-1.2096155643994422,1.0
12,72,0.1,6.0,3,-1,1,1.940388727747848,-2.10210988921125,23.860386006072805,4.222279559001585,21.08555104184897,4.035148994765996,21.61174245764622,0.4209895845281518,1.0
12,72,0.1,6.0,4,-1,1,1.9256368026617,-1.960685451289525,24.238555307100064,4.311058987809377,21.0949174570953,3.799854439815272,20.928343039730656,-0.0639937904675571,1.0
12,72,0.1,6.0,5,-1,1,1.9294655516253365,-2.0285536018160313,24.327008633347617,4.237610486308881,19.63656695895715,2.8638332765546473,20.133910399773708,-0.9442073131185138,1.0
12,72,0.1,6.0,6,-1,1,1.902938457592928,-1.859562690131397,23.83751006397545,3.9415766961295495,19.33204899448213,2.997134966034455,20.63313101416005,-0.1731553336367954,1.0
12,72,0.2,6.0,1,-1,1,2.0247976871033004,-2.2216152654800068,23.899031025573144,4.23944071795489,21.28685560266895,3.3489654590432876,21.848413538321164,1.2167970677700732,1.0
12,72,0.2,6.0,2,-1,1,2.0389195840483305,-2.3527787378301013,23.986214800829853,4.456130733076591,20.959681232742543,3.780758543090191,22.04566106785074,1.1274792448942974,1.0
12,72,0.2,6.0,3,-1,1,2.02044619630608,-2.155246998933797,23.97771210965579,4.243265042562796,20.474813023326604,3.2493450053312514,21.301295926563466,0.6988654093377245,1.0
12,72,0.2,6.0,4,-1,1,2.0270815658321224,-2.183288943050036,23.892331080594452,4.361261128922692,20.26092278731767,2.8253801332029296,21.59238621566292,0.9000760616217491,1.0
12,72,0.2,6.0,5,-1,1,2.0010304999002484,-1.9889105868740469,23.745845502933747,3.8748842586254986,20.247312102792392,3.1900357970365976,21.758521513576873,1.0748720649360255,1.0
12,72,0.2,6.0,6,-1,1,2.032019238898613,-2.11442557294271,23.7367248731703,4.147905517313451,20.196093282605244,2.947523982075393,21.88984843333635,1.4201978024608706,1.0
12,72,0.3,6.0,1,-1,1,2.1898586062891305,-2.4193469467873867,23.30448119387838,3.956619139975445,21.50949403843585,2.748195929949597,23.929603479507815,3.700011756211352,1.0
12,72,0.3,6.0,2,-1,1,2.21047925923286,-2.319273837250468,23.46903368022843,3.9390789625191593,21.908804104400858,3.1189620921743715,24.383070132418233,3.4975056166114427,1.0
12,72,0.3,6.0,3,-1,1,2.2128975009601883,-2.555189472139493,23.523812794526847,4.090350809151121,21.90294543212936,3.461721569063336,24.853576589333848,3.959871915702328,1.0
12,72,0.3,6.0,4,-1,1,2.213575412929341,-2.4210924406799323,23.37792226744477,4.1319389164947875,21.724505322509135,3.2881150451890777,24.44379889260545,3.6929978768829343,1.0
12,72,0.3,6.0,5,-1,1,2.1822038690753502,-2.236581487166634,23.447182171868583,3.7650406019415015,21.345634520007007,2.5605977787874012,24.855577233019257,3.729864810617348,1.0
12,72,0.3,6.0,6,-1,1,2.1910388935889307,-2.363096818328443,23.582719445694728,4.2612826054499475,21.103703682495613,2.2186135203395665,25.000045745439657,3.7065298731990057,1.0
12,72,0.4,6.0,1,-1,1,2.336747476587145,-2.5120236526501696,22.75284777357144,3.7242107380615694,20.368189798145163,2.066939097216129,25.202523514048355,3.926192645721936,1.0
12,72,0.4,6.0,2,-1,1,2.344304096145094,-2.693435755289969,22.91580010606555,3.981925418149951,20.12017336664223,2.191858779666609,25.643934162392764,4.608112557416042,1.0
12,72,0.4,6.0,3,-1,1,2.3642123999519646,-2.6314991861483064,22.845349962957908,3.823149443929412,21.05110672544243,2.46590214018944,25.216580626823085,4.289041353067115,1.0
12,72,0.4,6.0,4,-1,1,2.3468283842143665,-2.5723954202342587,22.816025267643568,3.6683651057258766,21.1010644393047,2.6699858401113055,25.63406951949738,4.404544967583687,1.0
12,72,0.4,6.0,5,-1,1,2.345080323394297,-2.6201104627824163,22.685737716715018,3.6537177576217568,20.13084128943355,2.1734118219570457,25.71436201726639,4.671080820219442,1.0
12,72,0.4,6.0,6,-1,1,2.342472539936945,-2.62060156100094,22.738442666482023,3.784341619893952,21.39108499118578,2.9992774615053017,24.87168057749017,4.031020828167499,1.0
12,72,0.7,2.0,1,-1,-1,9.318718591895834,-5.366517418049919,31.699657245638093,1.0816125701311172,34.08323228424892,0.1358024187674475,34.40041623747025,1.2367951700557258,1.0
12,72,0.7,2.0,2,-1,-1,9.321651633085963,-5.373864798942068,31.70236476024278,1.0753294105923512,34.10398440069525,0.1499123745449406,34.377002602049096,1.2256918633502594,1.0
12,72,0.7,2.0,3,-1,-1,9.320951169201075,-5.371388242475217,31.709332086603705,1.081534667945628,34.16778912809154,0.1532929482358537,34.3932001234574,1.2242733345282972,1.0
12,72,0.7,2.0,4,-1,-1,9.3271324521061,-5.364984165919997,31.703878453254767,1.083215272095203,34.11254119587278,0.149790049024236,34.39453791943028,1.2452140149562865,1.0
12,72,0.7,2.0,5,-1,-1,9.324957824305404,-5.373618396088766,31.711102681232177,1.0792886030331994,34.109565682672965,0.1303914870612715,34.380851574985044,1.2343648495121422,1.0
12,72,0.7,2.0,6,-1,-1,9.323234649940677,-5.36807189988361,31.70477445994546,1.0819969158263902,34.17638406486408,0.1526450587452421,34.378858423679475,1.2455569478183497,1.0
12,72,0.6,2.0,1,-1,-1,9.42347947817531,-5.758931275004142,33.06816280034538,1.2435046341578948,37.63469735653874,0.1940966900666763,36.43263897109027,1.4604860691664867,1.0
12,72,0.6,2.0,2,-1,-1,9.424459266910528,-5.7647575195074765,33.05944255053064,1.2399076486137022,37.62238670350318,0.2010774961111299,36.42189000666158,1.4537155373946722,1.0
12,72,0.6,2.0,3,-1,-1,9.424568665318583,-5.760931571726736,33.0675308521416,1.236174243413687,37.62470953836603,0.1836399692669029,36.41814597567249,1.441034828622208,1.0
12,72,0.6,2.0,4,-1,-1,9.433934810362503,-5.757705690976627,33.06469909552292,1.247261753512464,37.65337651242136,0.1990285952770437,36.414908018227855,1.4627680799046483,1.0
12,72,0.6,2.0,5,-1,-1,9.429540821223185,-5.7636432480566935,33.05646820806827,1.2353097856762365,37.57032344210609,0.1605127916832887,36.410311084624446,1.4538170823586531,1.0
12,72,0.6,2.0,6,-1,-1,9.432401325041074,-5.7655698580137225,33.066882955271616,1.2453781175600462,37.71501502030553,0.2144092462341889,36.42018641650226,1.4748690455909206,1.0
12,72,0.3,2.0,1,-1,-1,9.46820672086663,-7.229308094159597,37.618452750158134,2.003226149546183,50.09553258871158,0.596596241019314,43.96650045188052,2.615003977489355,1.0
12,72,0.3,2.0,2,-1,-1,9.474601964914545,-7.239590634184667,37.5306190018448,1.9378768957000247,50.124494257145344,0.431178521823897,43.88923803323541,2.5994493086180475,1.0
12,72,0.3,2.0,3,-1,-1,9.455207569329067,-7.236771986274792,37.51494925073526,1.9211706180420536,50.09316050417658,0.6101011260260152,43.936518543215286,2.598412280540303,1.0
12,72,0.3,2.0,4,-1,-1,9.463968326563869,-7.236540385789484,37.54673262572776,1.9487770423099464,50.12044940772008,0.4990062638282161,43.94553831466561,2.7000203033774435,1.0
12,72,0.3,2.0,5,-1,-1,9.458470757198535,-7.245924767892983,37.54771046270938,1.946811467523504,50.090463486392096,0.5757665753419505,43.93136654072716,2.6170579113911727,1.0
12,72,0.3,2.0,6,-1,-1,9.450833444943962,-7.258441413289408,37.53830291426999,1.9264936173810112,50.11137270412124,0.5151821499445389,43.95775771452499,2.6668028205443135,1.0
12,72,0.4,2.0,1,-1,-1,9.54282638461462,-6.687867497850826,36.03437664509193,1.6908366283564102,45.80298907480456,0.4158129766079842,41.159765917747585,2.0883016385291997,1.0
12,72,0.4,2.0,2,-1,-1,9.557724372320578,-6.699500075637919,36.01559482792682,1.6595013084571175,45.70298733541855,0.3171487520945889,41.186679409638856,2.0934788674242593,1.0
12,72,0.4,2.0,3,-1,-1,9.54198221388294,-6.69527781294382,36.01724569268871,1.6668915674531497,45.8299323982219,0.3779996284822323,41.166542417271366,2.071853180649784,1.0
12,72,0.4,2.0,4,-1,-1,9.556260685231264,-6.686634899312166,36.033107030970704,1.6812887171907145,45.72100884014811,0.3807577236245218,41.16420697284567,2.10830603918935,1.0
12,72,0.4,2.0,5,-1,-1,9.54745481093614,-6.692440664064438,36.00993063011583,1.6695366011512427,45.69725880839401,0.3626545989524731,41.12967672449414,2.077109460325949,1.0
12,72,0.4,2.0,6,-1,-1,9.556051471927718,-6.698342857713041,36.02545964410092,1.665171230166261,45.718010353122494,0.339685184767468,41.16037079368086,2.1188498946398795,1.0
12,72,0.5,2.0,1,-1,-1,9.510876086478826,-6.197570852799697,34.497035159433054,1.4348212193497794,41.52387379694626,0.2511998845818247,38.69024833501762,1.7389801372672389,1.0
12,72,0.5,2.0,2,-1,-1,9.51271192302749,-6.196008180601693,34.489454344165736,1.4305292137090813,41.51102679735327,0.2526314255894406,38.67135714716228,1.726966368008302,1.0
12,72,0.5,2.0,3,-1,-1,9.503690329190368,-6.196028997108476,34.49998396726269,1.4330192268255422,41.48319927451539,0.2413320981010082,38.671514404467565,1.7196606787609572,1.0
12,72,0.5,2.0,4,-1,-1,9.51113167078896,-6.186146431983962,34.498047854759534,1.4423183091291008,41.51386107323851,0.2522852767741901,38.65745086175231,1.7458624610009037,1.0
12,72,0.5,2.0,5,-1,-1,9.509420576556966,-6.202517973173828,34.50703766307176,1.4383569534157616,41.589932219091295,0.2781894485019118,38.66987904195916,1.7306036952025727,1.0
12,72,0.5,2.0,6,-1,-1,9.508046773820867,-6.195744932953656,34.49063206600842,1.439931701891103,41.58620932264315,0.2444571915961832,38.6561934002912,1.7497975885947312,1.0
12,72,0.2,2.0,1,-1,-1,9.5365636208413,-7.315977707788146,38.714293725123184,2.279574005510133,55.61070555959068,1.0006377376121816,59.53421756716998,-1.8871764994888287,1.0
12,72,0.2,2.0,2,-1,-1,9.557302546669888,-7.331264127012689,38.64347055426767,2.2140819427520335,55.53879631169805,0.8671795062067883,59.69509550737333,-1.962211864369915,1.0
12,72,0.2,2.0,3,-1,-1,9.534081610203978,-7.31909163890596,38.68492867567147,2.248697774019568,55.55345445181746,0.9360653748825056,59.48157967803845,-1.9480466979851052,1.0
12,72,0.2,2.0,4,-1,-1,9.55015384824271,-7.315372099792763,38.64413613942546,2.2543035094716557,55.59025421171079,0.965466865886027,59.65324131594239,-1.9519321911221836,1.0
12,72,0.2,2.0,5,-1,-1,9.541179478796463,-7.321623991577157,38.665571095403166,2.235459624432388,55.57230779656531,0.9489264574255016,59.477572331774375,-1.9920284372825368,1.0
12,72,0.2,2.0,6,-1,-1,9.537449500462063,-7.309363444331164,38.66938874133915,2.2421518419720785,55.558964659785715,0.9472635311881936,59.60285361659201,-1.7343372616949717,1.0
12,72,0.0,2.0,1,-1,-1,9.451740010022982,-7.556027879979046,40.655653964634205,2.710815128654944,66.87665505478377,2.8274869970226857,58.22281858640135,-0.7788599813437871,1.0
12,72,0.0,2.0,2,-1,-1,9.466753670581802,-7.528783237352535,40.565000680857565,2.660870159141927,66.42731651614459,2.512250153480173,58.19995088067668,-0.8331520613764141,1.0
12,72,0.0,2.0,3,-1,-1,9.451049529132208,-7.588991383689718,40.59492669462822,2.662498639022231,67.24372568322042,2.9303648252961727,58.54383665378591,-0.6679366036561921,1.0
12,72,0.0,2.0,4,-1,-1,9.44323196408418,-7.539506795774848,40.55193651040733,2.6894895598050064,67.02458188031481,3.0426299513119353,58.15614789573792,-0.81116305543728,1.0
12,72,0.0,2.0,5,-1,-1,9.482252856758006,-7.54467234954236,40.604995733111906,2.682068940771805,66.82015102543741,2.565092056217741,58.29970533235604,-0.7601968308932638,1.0
12,72,0.0,2.0,6,-1,-1,9.44353720417776,-7.503687811741901,40.60448993086054,2.656959062624053,67.28570111186544,3.047973520727134,58.36579680416459,-0.5215085385964631,1.0
12,72,0.1,2.0,1,-1,-1,9.605765918958143,-7.307549571200769,39.945106268218794,2.4804181035529727,58.55042313969818,1.1920792086192633,59.91315274996083,-0.5039336862602012,1.0
12,72,0.1,2.0,2,-1,-1,9.612026273025004,-7.318042489680176,39.92221724072608,2.4634306932047565,58.53467093183036,1.207430003809575,59.927435696174555,-0.535194607623384,1.0
12,72,0.1,2.0,3,-1,-1,9.603596635639676,-7.307394983178637,39.93692621503821,2.4862112352785593,58.513469872408635,1.1957375410994189,59.85520140549816,-0.5506340974556136,1.0
12,72,0.1,2.0,4,-1,-1,9.60991693887223,-7.315093538834212,39.92115815275751,2.4789665939941243,58.558009466434065,1.1619472696723734,60.05233838901948,-0.4883283262221233,1.0
12,72,0.1,2.0,5,-1,-1,9.619450100709482,-7.322512827064332,39.95947611561563,2.4773263667294207,58.54077228861026,1.1414208549023497,59.97341158408144,-0.5477174602801818,1.0
12,72,0.1,2.0,6,-1,-1,9.5972232702051,-7.303036996077584,39.906806270555165,2.4694023614438523,58.48100902325655,1.239056634896214,59.92523714757576,-0.4706243135748578,1.0
12,72,0.0,2.0,1,-1,1,9.471022886733252,-7.582044000092857,40.46550087474894,2.496344084433793,66.2631699314239,2.61314587231402,80.48663335075268,-0.5260940674057467,1.0
12,72,0.0,2.0,2,-1,1,9.492417131131386,-7.583332444753131,40.47526895338044,2.496955295606605,66.30020929434247,2.510823195754555,80.86126548919341,-0.6188077872604765,1.0
12,72,0.0,2.0,3,-1,1,9.455278593384246,-7.582101160733709,40.46381377694148,2.54598608855854,66.15484775160314,2.5669033952611193,80.9357752930546,-0.4344352035373841,1.0
12,72,0.0,2.0,4,-1,1,9.462654057553564,-7.5745254310880865,40.409675939468265,2.4967714265837193,66.04010584115483,2.442281439058701,81.12408108128136,-0.2930044992904134,1.0
12,72,0.0,2.0,5,-1,1,9.462846472767527,-7.583053362235594,40.46721569160947,2.5110101580779385,66.26180536699367,2.6081933113820677,80.92091115341388,-0.5866677086459748,1.0
12,72,0.0,2.0,6,-1,1,9.454415116990017,-7.590386966857116,40.45201075642617,2.5048459733326527,66.11084329668384,2.478402718450096,81.03936542233137,-0.3799735592278687,1.0
12,72,0.1,2.0,1,-1,1,9.402487779909858,-7.599491122309492,39.8982720206706,2.3093518308145677,60.05395283477769,1.768214979366694,84.50212883890083,-1.5722837311174545,1.0
12,72,0.1,2.0,2,-1,1,9.398270340194452,-7.6336068981823315,39.9197936497608,2.3168813763169775,60.2085227926694,1.809414775386935,84.72470212259354,-1.5876620840722275,1.0
12,72,0.1,2.0,3,-1,1,9.39571917654578,-7.631161517891525,39.9442985258021,2.3314342922477445,60.08874508241845,1.761394197956399,84.22459705537878,-1.8880168696235284,1.0
12,72,0.1,2.0,4,-1,1,9.391138154827308,-7.6346713231475904,39.88722197092392,2.323007494400451,60.46011273061638,2.0590185401479024,84.62728732343665,-1.467840589280237,1.0
12,72,0.1,2.0,5,-1,1,9.393876965200567,-7.62936582763121,39.906294780531766,2.332425245183761,60.15725647497125,1.816101622140036,84.31943594962354,-1.8453748266532024,1.0
12,72,0.1,2.0,6,-1,1,9.385691500610632,-7.64302568983734,39.86828212607728,2.2909329519709964,60.19407659117259,1.8583117099639612,85.36814943473878,-1.0228687054095496,1.0
12,72,0.2,2.0,1,-1,1,9.41043333723846,-7.540201234032859,37.630967602579936,2.3978626039654665,68.87629780854182,2.0219012069786375,64.04782123924001,-3.5251748391496043,1.0
12,72,0.2,2.0,2,-1,1,9.414773827633397,-7.54768475980625,37.59089309370614,2.361646309211621,69.12457113544967,1.87093863580086,64.32615907930119,-3.2318102832661504,1.0
12,72,0.2,2.0,3,-1,1,9.38272805456671,-7.537366588876118,37.598917571285085,2.371313910573206,69.30058877473087,2.0823347704673725,64.14517881025054,-3.0425325289551264,1.0
12,72,0.2,2.0,4,-1,1,9.387018800168793,-7.537802546625869,37.58934120972923,2.380543319310108,69.23576611291064,2.0987287448169303,64.51849975904027,-2.802424630742399,1.0
12,72,0.2,2.0,5,-1,1,9.403019811519604,-7.52822331211645,37.600887319460654,2.375020318623103,69.00253312957398,1.9737853092139752,63.87901852875086,-3.552032973100708,1.0
12,72,0.2,2.0,6,-1,1,9.401734040770704,-7.542820604553313,37.60179013269428,2.3596914464659484,69.25303039221566,2.1747501823052326,64.81932341585467,-2.8545655860148935,1.0
12,72,0.3,2.0,1,-1,1,9.50564171623159,-7.1764972863037695,37.25546241814132,2.5058257454102195,79.28877430916984,2.670991139967295,51.02972575003541,2.989550965561547,1.0
12,72,0.3,2.0,2,-1,1,9.50945072136873,-7.1682314886475,37.22768275923836,2.4801794670354296,77.696421134042,1.3704372896002386,51.02981753815775,2.9780139289442693,1.0
12,72,0.3,2.0,3,-1,1,9.499087903825725,-7.168802145225682,37.198883383975115,2.469437821561771,78.94146919513314,2.421161381095817,50.95530750173997,2.918738298803713,1.0
12,72,0.3,2.0,4,-1,1,9.511879673787808,-7.173274466916917,37.18907375984706,2.456448612364708,78.81978099872472,2.26603122093008,51.00890991228216,2.9747619683757,1.0
12,72,0.3,2.0,5,-1,1,9.512010732535304,-7.1713219551325595,37.20449716289003,2.4777088219314805,78.26450502174903,1.796821841074374,50.99832428487874,2.976466908090438,1.0
12,72,0.3,2.0,6,-1,1,9.516757426933392,-7.1893181519496405,37.22478571879672,2.4741972536508965,78.66305680605026,1.825641283222457,50.96463229043837,2.9424840184970877,1.0
12,72,0.4,2.0,1,-1,1,9.550365218606512,-6.662893169962845,35.710364200767614,2.1691509754718683,71.69757323538776,2.128101906702737,47.536682861708755,2.557104612815609,1.0
12,72,0.4,2.0,2,-1,1,9.555063009371151,-6.6752909883937885,35.72910430164113,2.161060362137654,71.61154236458829,2.0961329730114135,47.57915793973821,2.5611092307572187,1.0
12,72,0.4,2.0,3,-1,1,9.525438139146331,-6.666988306088311,35.719581789602614,2.1830289352258587,71.54411124921799,2.1961519692160767,47.51643075607526,2.5346942382768285,1.0
12,72,0.4,2.0,4,-1,1,9.559280232527213,-6.6683452522799085,35.73220458618149,2.1754354470313526,71.33218407722768,1.6928256711763965,47.53195970014578,2.5596093922492837,1.0
12,72,0.4,2.0,5,-1,1,9.551422472668566,-6.666753180090356,35.72443391472617,2.1639310471347732,71.47699452938159,1.8376387690431903,47.517509853895945,2.5394035457698427,1.0
12,72,0.4,2.0,6,-1,1,9.548753355479436,-6.665467211136611,35.70566288788606,2.1571279912075454,71.68195262409384,2.0968494358785295,47.50791044810529,2.5432868168673837,1.0
12,72,0.5,2.0,1,-1,1,9.49126308606694,-6.205949338297494,34.26112948545942,1.915445629683449,65.95579518185698,2.033656590782817,44.27161163675691,2.1475360397192875,1.0
12,72,0.5,2.0,2,-1,1,9.49068521536238,-6.216805935127177,34.26432946345339,1.9063563324764703,65.8983109592236,1.9693918356478737,44.28069053009104,2.1513923896917055,1.0
12,72,0.5,2.0,3,-1,1,9.486713628408186,-6.202767798869362,34.259616555864184,1.9157557934267309,65.74026719297362,1.9448010686675343,44.26632514755428,2.1229417708782186,1.0
12,72,0.5,2.0,4,-1,1,9.500022693251324,-6.199685311327262,34.25958765086391,1.9071447684281175,65.89692477210035,1.9499733168817,44.276745041344704,2.1508851442002808,1.0
12,72,0.5,2.0,5,-1,1,9.507432279358904,-6.218943692298788,34.28951909463928,1.9228611451864264,66.11476335386926,1.943417030025539,44.273548949926315,2.135352261340549,1.0
12,72,0.5,2.0,6,-1,1,9.488490100685482,-6.2054656832937365,34.25887306138877,1.9049418083120544,66.02826753038343,2.075990318949694,44.26297699649471,2.1569571057806156,1.0
12,72,0.6,2.0,1,-1,1,9.3998739825163,-5.787538127870953,32.90170949810149,1.7070190812326824,61.428117532775175,1.8786337729344147,41.331523570046656,1.7952291691019262,1.0
12,72,0.6,2.0,2,-1,1,9.399073080325005,-5.797005769197719,32.8994865970068,1.700947967006239,61.49471751488827,1.849039165018344,41.32722630011639,1.8026171745042816,1.0
12,72,0.6,2.0,3,-1,1,9.396150855147472,-5.799278702394685,32.91581756933776,1.7203647556834816,61.65314432478144,2.076140667767272,41.333203789772384,1.788498016870729,1.0
12,72,0.6,2.0,4,-1,1,9.41428209844246,-5.787723034531149,32.91448978139762,1.7082069743655697,61.33298928396617,1.7615046532237435,41.3520668331787,1.80692852530334,1.0
12,72,0.6,2.0,5,-1,1,9.402208510566542,-5.798365962961216,32.91144943750528,1.710089695875587,61.70077053442817,1.998117009153816,41.310778022017814,1.7914816013023214,1.0
12,72,0.6,2.0,6,-1,1,9.40473747380664,-5.80220327192916,32.914303719559115,1.7093104867622864,61.776023879435385,2.025964422627684,41.33306585406687,1.8045860096231148,1.0
12,72,0.7,2.0,1,-1,1,9.298159760006248,-5.427370051204285,31.654185274081794,1.5469171527783463,58.22008620544543,1.9313556960756952,38.716293194284845,1.5078284684375576,1.0
12,72,0.7,2.0,2,-1,1,9.296909465861406,-5.4303824143117545,31.637502942535512,1.533262728242106,58.2527572944162,1.9286756227504391,38.68982360232414,1.5059314230966163,1.0
12,72,0.7,2.0,3,-1,1,9.292969540137832,-5.427437655407538,31.654251670608204,1.544483256867387,58.227733054289295,1.962917784716224,38.701901344344705,1.5026574043653045,1.0
12,72,0.7,2.0,4,-1,1,9.297900890575098,-5.425291160992641,31.65522362433071,1.5504501233611587,58.18949971249158,1.9335118570005363,38.701011554916214,1.5142172613557787,1.0
12,72,0.7,2.0,5,-1,1,9.300229430613868,-5.432280104523633,31.67277572234237,1.544889986575782,58.36445058731181,1.940880473780987,38.69320637465,1.5000983263724854,1.0
12,72,0.7,2.0,6,-1,1,9.297062103140115,-5.430072847530319,31.64805560395836,1.5431099965904989,58.3019948000231,1.9815500795048,38.69157727887072,1.5175390517598442,1.0
12,72,0.1,6.0,1,-1,-1,1.9394070773757204,-1.8403408979514668,23.373601187391778,3.763246138427424,21.807150634323797,3.593955091171412,17.49811599066663,-0.4544358278098479,1.0
12,72,0.1,6.0,2,-1,-1,1.9701809308900649,-2.180592085657533,23.7341845397491,4.34031093531887,21.0657212055724,3.914235419098412,18.291193962550693,-0.0547122550190009,1.0
12,72,0.1,6.0,3,-1,-1,1.9474989129220608,-2.077627140911644,23.356346686151124,3.9032251009818992,21.3079306812973,3.6760392830385418,17.548194444826418,-0.5939268831786814,1.0
12,72,0.1,6.0,4,-1,-1,1.9419425133002757,-2.073781020363962,24.566414629005585,4.698092303411658,20.920030390943825,3.1762957155934277,17.307540777551992,-0.7926733391125673,1.0
12,72,0.1,6.0,5,-1,-1,1.93122410861316,-1.9624168828886623,23.138856480303616,4.043670050676506,20.929136670643395,3.444269724216009,17.483473960362755,-0.467342609844238,1.0
12,72,0.1,6.0,6,-1,-1,1.9598921328784005,-1.7787975654551438,23.323959575844015,3.509233329204713,20.648984630575427,3.1418058618887064,18.918305391922676,0.3228137217403271,1.0
12,72,0.0,6.0,1,-1,-1,1.8950082547437208,-2.056080456581654,23.61800770663146,4.283537139545105,22.14602155213255,4.150566496516573,16.325347796781777,-1.728871655669159,1.0
12,72,0.0,6.0,2,-1,-1,1.9036288774414905,-1.935583478098436,23.979796019570813,4.3426282633749675,22.102500995219295,3.735184538341642,16.054504931276107,-1.3278689575405835,1.0
12,72,0.0,6.0,3,-1,-1,1.88692828328674,-1.856968884339936,23.522467801691526,4.117002892215758,21.049267515290783,3.3706738795890017,16.32270268878033,-1.232282900047411,1.0
12,72,0.0,6.0,4,-1,-1,1.8806153577177445,-1.804219777556052,23.697591989300655,3.856682067453032,22.055481807944552,3.45730984480993,17.47149056236858,-0.487324825884349,1.0
12,72,0.0,6.0,5,-1,-1,1.882202046591069,-1.8328800974247417,23.570870395419867,3.88128581021016,21.59607372505794,3.1460353514394144,17.27775064891971,-0.7628386977777161,1.0
12,72,0.0,6.0,6,-1,-1,1.85045053640677,-1.818945100214806,23.89931232692044,3.9789825263299066,21.179763411447553,3.850791979921378,16.241399928598142,-1.8085282454902951,1.0
12,72,0.3,6.0,1,-1,-1,2.2095315182972413,-2.4213835675006026,22.66054271839893,3.709300310309839,20.41305998566312,2.6074586191032596,21.688129951621423,2.938516537906982,1.0
12,72,0.3,6.0,2,-1,-1,2.2098892261780554,-2.48001422619758,22.683133233964696,3.775241590219864,20.591243222260893,3.0948386191009982,21.28122572747504,2.91304093637055,1.0
12,72,0.3,6.0,3,-1,-1,2.1836001466304493,-2.257733747171609,22.36082930692306,3.4626916975305604,19.25124438983654,2.007017824535038,21.6402563120045,2.9167053277032435,1.0
12,72,0.3,6.0,4,-1,-1,2.207480273254199,-2.3487434018935445,22.82344249546347,3.74887235142821,20.52599598302096,2.6260808894854697,21.675625730850506,2.8221915252081606,1.0
12,72,0.3,6.0,5,-1,-1,2.156320646947603,-2.132630884826412,22.541385714932357,3.2194798257850663,19.702134959012874,2.47613992327111,22.41483356874569,3.233486064333377,1.0
12,72,0.3,6.0,6,-1,-1,2.185219678229733,-2.2507154190433747,22.67564638168199,3.5400117025758275,21.36230852007971,2.851353026103071,21.341929744701936,2.880506414691363,1.0
12,72,0.2,6.0,1,-1,-1,2.036096684348535,-2.1680459583773777,23.53455372634386,4.149787089179535,20.740623255203708,3.112257377716342,19.33100437653199,0.4732037435510168,1.0
12,72,0.2,6.0,2,-1,-1,2.0394013512082765,-2.2583558531093444,23.276878861927496,3.919726072353876,20.979512262767813,3.2115735568090074,19.044385411080192,0.3666412991069623,1.0
12,72,0.2,6.0,3,-1,-1,2.035478350822602,-2.1444118370208196,23.54254607159128,4.168810077910442,20.458223869048823,3.2734309172235676,18.23503651606661,-0.5690396721051185,1.0
12,72,0.2,6.0,4,-1,-1,2.0410105370859712,-2.08799187901782,23.33172451836197,3.858933258066547,20.29255545919773,2.9028800887752544,18.936702548130786,0.2035142295533404,1.0
12,72,0.2,6.0,5,-1,-1,2.0641955575556805,-2.336410425684319,23.694354522797568,4.43811745836785,21.014060202653464,3.650053094144496,19.600080060327706,0.6198014217778665,1.0
12,72,0.2,6.0,6,-1,-1,2.0248582960837966,-2.1055457697553344,22.918258244789023,3.8666106707774146,19.602686132253645,2.7364413421102176,18.40926005991995,0.0572340110921305,1.0
12,72,0.6,8.0,1,-1,-1,1.6438091360538578,-1.6529305159035517,17.468057909609016,2.623569481449837,14.375745761385996,2.1242016049778636,17.954761308276595,3.112724106419713,1.0
12,72,0.6,8.0,2,-1,-1,1.6706380755418593,-1.7508610483285196,17.770191103909326,3.0656151097986517,13.823815629158249,1.6285330038504298,17.738627960119764,3.1420504745065454,1.0
12,72,0.6,8.0,3,-1,-1,1.6057514820665166,-1.5070826774037962,17.567361418035244,2.4088427059442283,13.071183308605844,0.9348321051429144,17.45403550566534,2.9057109826949294,1.0
12,72,0.6,8.0,4,-1,-1,1.6399814693697703,-1.6807101754175395,17.730514362536923,2.8643146102430728,14.159412254098513,1.6382880234757589,18.374591212110175,3.1726502783627346,1.0
12,72,0.6,8.0,5,-1,-1,1.6199188847522097,-1.4437480191835692,17.24345895230393,2.233873570546063,14.330770918303756,2.0499080999944295,17.874588257574434,2.6961257898193893,1.0
12,72,0.6,8.0,6,-1,-1,1.599706741889842,-1.3161784459111665,17.45200960887913,2.405764982108709,13.143806451911718,1.1630988870854135,17.1204453032478,2.30868439137911,1.0
12,72,0.7,8.0,1,-1,-1,1.7316972322508255,-1.621391589948432,17.057659785877245,2.1709758062301088,14.197529181971609,2.0700452072219644,18.28898864783407,3.197392255923731,1.0
12,72,0.7,8.0,2,-1,-1,1.721464253007738,-1.6800348083801795,16.955398082281402,2.4040228730563458,13.457484512272837,1.660777885643538,18.1567027800663,3.041383861915885,1.0
12,72,0.7,8.0,3,-1,-1,1.7176473122874598,-1.6904426250854805,17.072660099729916,2.501299930599922,14.044312018286377,1.999539784359168,17.916909791128955,3.023445585047175,1.0
12,72,0.7,8.0,4,-1,-1,1.7493935682876782,-1.8478021996054583,17.342137496327087,2.8711564389024757,13.44925430079378,1.403661033483269,18.001188310546166,3.165688278609469,1.0
12,72,0.7,8.0,5,-1,-1,1.7181294401533596,-1.6071965493688132,17.03019038786324,2.4610782081218803,14.549536641174477,1.8925384243787704,17.387330322157432,2.689733407145977,1.0
12,72,0.7,8.0,6,-1,-1,1.7342264670953775,-1.578421262551968,16.81913170516835,2.2382203326945938,14.197337973058548,1.7540284301156313,17.866794448173692,2.3927363644958737,1.0
12,72,0.2,8.0,1,-1,-1,1.1804832403055188,-1.1222400119962743,19.792524898752937,3.633690950319128,15.836360457519778,2.987942254774143,13.13316852433089,0.0183086642822246,1.0
12,72,0.2,8.0,2,-1,-1,1.1818000648519438,-1.0107769283772103,19.92840771555542,3.799471810680676,16.339954090109977,2.7089569627958774,11.1356930228239,-1.1610603593615596,1.0
12,72,0.2,8.0,3,-1,-1,1.1879339339353543,-0.96722824977089,20.19418606311525,3.859356699214912,15.20856985634882,2.5218872752977104,12.242639703356176,-0.315289416840183,1.0
12,72,0.2,8.0,4,-1,-1,1.1850179432223684,-0.814770847125003,19.14565188211545,2.373782950732364,16.988648023412395,1.7900823085243232,12.413362238257251,-0.2858035802563212,1.0
12,72,0.2,8.0,5,-1,-1,1.1921430737025394,-1.0589178283911878,19.21742059884453,3.5435738261301553,16.04354475848625,2.474109571200101,13.205060353258858,0.8008724669896683,1.0
12,72,0.2,8.0,6,-1,-1,1.1939274598663183,-1.0674431753472475,19.379078700704003,3.4675426686980773,18.082881178649735,4.670692906524599,12.668058710938578,-0.4215126483028236,1.0
12,72,0.5,8.0,1,-1,-1,1.5288292419347722,-1.2529793751991534,17.541242519249582,2.2352955425940713,14.245985667604089,0.6520072825959631,17.345090168237885,2.212326844663898,1.0
12,72,0.5,8.0,2,-1,-1,1.5411583226808665,-1.5807068866892435,18.238943187681112,2.8617174135826664,14.909193955277113,2.5576162486134124,17.74621060730165,3.0302962346342848,1.0
12,72,0.5,8.0,3,-1,-1,1.5156285545070098,-1.325727167672003,17.941682856689248,2.529888213643622,15.204437630478736,2.2163885707326982,17.51074226383203,2.929294067122464,1.0
12,72,0.5,8.0,4,-1,-1,1.5334915090650436,-1.4581477071002724,17.996965168362415,2.665647623187603,15.368768390385728,2.1714550690320804,18.053402267453883,2.707974209844256,1.0
12,72,0.5,8.0,5,-1,-1,1.531284521393231,-1.5450539472603748,18.169212526924955,2.7816726756245616,14.890633480027352,1.9598346642111495,18.219170536822723,2.9527681835545914,1.0
12,72,0.5,8.0,6,-1,-1,1.5132786587932032,-1.5306541617153069,17.760139880261256,2.8258407548504088,14.609271749238356,1.686655329987363,17.834643756555757,3.227070904756592,1.0
12,72,0.4,8.0,1,-1,-1,1.4096398755205666,-1.100734401043599,18.681664378648804,2.527089055459129,16.1536943214933,1.61140902950169,16.418456009314674,1.3536782474557345,1.0
12,72,0.4,8.0,2,-1,-1,1.4066467480165907,-1.136716421747635,18.281671584866512,2.470821978855213,16.36889613320141,2.2280699912947055,16.71013494181963,2.195513545942904,1.0
12,72,0.4,8.0,3,-1,-1,1.4117570396569914,-1.195057803793501,18.467098121912613,2.384915725834047,14.60644955592238,1.6092002489058124,16.66290157353968,2.0845769710768236,1.0
12,72,0.4,8.0,4,-1,-1,1.4099222128650333,-1.4532960047522625,18.759122060655994,2.9067667782607955,15.64227508912109,2.54949802827655,17.044092486420137,2.1840627440455807,1.0
12,72,0.4,8.0,5,-1,-1,1.4112490762316536,-1.2017360966232695,18.54466945295057,2.947171985656091,16.044587192975808,2.25089047770357,16.951761605815697,2.6025066426257557,1.0
12,72,0.4,8.0,6,-1,-1,1.391464237116803,-1.1552415299957288,18.316598899725975,2.6161284317142757,16.605128459684074,2.3752313741973388,16.7864393833979,1.7765074879806206,1.0
12,72,0.3,8.0,1,-1,-1,1.2810232742677086,-0.957142509601104,18.900120446645257,2.689274363565289,16.390648026644897,2.7796121476470637,16.155991581430026,1.886311559458718,1.0
12,72,0.3,8.0,2,-1,-1,1.3034018570832953,-1.064125657317008,19.527130828132137,3.096280031498874,17.098039885889694,2.9847786532839606,15.794263604779662,1.595871509414035,1.0
12,72,0.3,8.0,3,-1,-1,1.295347700352931,-1.153757036316264,19.323268009733667,3.4780072727580893,16.2103000664243,2.4586925169474485,14.856690905321448,1.6691475569445138,1.0
12,72,0.3,8.0,4,-1,-1,1.29532281277936,-1.1974398918506537,19.534781956093816,3.2650070524826873,14.248100551969818,1.9348893124003788,16.02895464182807,1.6426245355439544,1.0
12,72,0.3,8.0,5,-1,-1,1.2933703301929314,-0.9561660785942364,19.63742779227237,3.5083087742117605,16.333285477001205,2.487008211250909,14.938906846681286,1.191487974163928,1.0
12,72,0.3,8.0,6,-1,-1,1.28530244907586,-0.9664530733754912,19.126537243245593,2.7965159911043194,14.863819453282453,1.477674761059276,15.918797318329586,1.2601332314896407,1.0
12,72,0.0,8.0,1,-1,-1,1.092250385507402,-0.9628714619443486,19.97721021526383,3.5039870774350375,18.18415030735751,4.138498211712037,11.561880085603482,-0.6505121672387325,1.0
12,72,0.0,8.0,2,-1,-1,1.1429505442228485,-1.0148450455438596,20.35448667667093,3.631557530745555,17.673489349866816,3.559213034270684,12.640771944843962,-0.1775681523589315,1.0
12,72,0.0,8.0,3,-1,-1,1.1159767922319717,-1.101959905120642,20.756068071277515,4.188681053263205,18.698571597257967,4.507616303741644,10.368288815977408,-1.0809523662278149,1.0
12,72,0.0,8.0,4,-1,-1,1.0965681599343728,-1.073125313755782,20.67719933621394,3.6228716600769033,17.67537907128203,3.8179910875136582,11.895270258804334,-1.0974733687505025,1.0
12,72,0.0,8.0,5,-1,-1,1.0933240472176886,-0.9697637010278226,20.72354575657662,3.6354881210671697,17.14519491457156,3.001115010872156,11.25162170497772,-0.4197490290828479,1.0
12,72,0.0,8.0,6,-1,-1,1.057785480230081,-0.8070584566116941,19.913916322557576,3.4752417118701286,17.72873694178042,3.168323774171781,9.62150652265413,-1.1848044155322988,1.0
12,72,0.1,8.0,1,-1,-1,1.138586855288462,-1.0322791787593653,20.559939473457572,3.638375085839029,17.182973697300383,3.1374932489980503,9.957044859323226,-1.616696788166961,1.0
12,72,0.1,8.0,2,-1,-1,1.125929697506019,-0.9015594477843536,19.526506468318175,3.3789028558214262,16.632505515385493,3.2968466654043582,8.766189053440817,-0.6043534015477648,1.0
12,72,0.1,8.0,3,-1,-1,1.1023770369592742,-0.8933728223689619,20.197229817021697,3.3200566074853013,17.329188851767885,3.2717184567926965,12.485866772805124,-0.2725479385159535,1.0
12,72,0.1,8.0,4,-1,-1,1.1411297716921471,-0.9965530612144148,20.4383711122505,3.719956890570902,17.889371266454795,3.733355036523229,12.053424750346702,-0.0557221312779052,1.0
12,72,0.1,8.0,5,-1,-1,1.1000819266000517,-0.9352878721267948,19.809010864748544,3.2867657473426832,16.75961388174135,2.5359136164787066,13.100429098839532,-0.2229930665303667,1.0
12,72,0.1,8.0,6,-1,-1,1.133716982167535,-0.7169670723977057,19.947806144836743,2.858710649529532,18.979618359944595,4.258907134873077,11.91974858890226,-0.9210028696569676,1.0
12,72,0.0,8.0,1,-1,1,1.088996296002873,-0.7941257952692942,20.227120883607093,2.7939982278407367,15.746635939729789,2.809247652807211,11.236498717588194,-0.7442450070301512,1.0
12,72,0.0,8.0,2,-1,1,1.1105858628666267,-0.9470473223112836,21.204619434090045,3.628599293689227,18.111873750203088,4.570652708484959,12.006848488764636,-0.8695837999052074,1.0
12,72,0.0,8.0,3,-1,1,1.1085544565498364,-1.015567810748436,20.99135517444028,3.7859688826775866,18.25795442537865,4.265476550828197,11.96519911073472,-1.49006465489188,1.0
12,72,0.0,8.0,4,-1,1,1.1388353263537652,-1.0079676633790466,20.557598301587447,3.382915087247592,17.04369476277442,3.055886291827277,11.752663591757791,-1.3216716356100704,1.0
12,72,0.0,8.0,5,-1,1,1.1001932756999016,-1.0500598765134526,20.5274478352216,3.891751576578332,16.716888580242248,3.3862628052623647,13.05889874619189,-0.8459225358093343,1.0
12,72,0.0,8.0,6,-1,1,1.0785070301128863,-0.961912469759908,20.88121109610909,3.5874296056945196,17.064990801810104,3.606029188856709,11.863591950940677,-1.1050483020494108,1.0
12,72,0.1,8.0,1,-1,1,1.1088159615656716,-1.037646227394734,20.509191226526404,3.9193192592853943,16.55523992895728,3.3409735506911247,13.305240587844262,-0.0276704825112226,1.0
12,72,0.1,8.0,2,-1,1,1.1210144154537485,-1.0334857596594662,20.47591125921381,3.924596891365726,15.57947931934936,2.908872941978184,12.905423040544015,-0.798656165630068,1.0
12,72,0.1,8.0,3,-1,1,1.126525411116016,-1.01987854780459,20.394696410699133,3.3332073508999955,17.676885964180013,4.367548662965171,12.288009082688152,-1.8071088755681544,1.0
12,72,0.1,8.0,4,-1,1,1.097341751410655,-0.935409904137358,20.024465937773137,3.3595791106999675,17.228896039502377,2.8629159218634483,12.842915999983145,-0.0132583370170868,1.0
12,72,0.1,8.0,5,-1,1,1.1385667198582372,-1.0274113412106434,20.33671291178441,3.5289460331224474,17.457635024926923,3.4266939257116333,14.107185330418504,0.0532858482473736,1.0
12,72,0.1,8.0,6,-1,1,1.1122730544108168,-0.6754257143177786,19.814046519876506,3.397836575240162,17.08885834849053,3.033387160003482,14.423066342380304,1.6971412717103576,1.0
12,72,0.2,8.0,1,-1,1,1.1934629590011951,-0.9611455529939412,19.858119655195033,3.030571896969846,17.612032088843282,4.238527957323333,15.021586053803222,0.3139680622405462,1.0
12,72,0.2,8.0,2,-1,1,1.1888081844026703,-1.1394078239530026,20.473357655294116,3.4682649082113777,17.393316744554397,4.40810576145582,15.234764725819211,0.4180422422155948,1.0
12,72,0.2,8.0,3,-1,1,1.2044989637628298,-1.0261652408767898,20.274368633094305,3.1388545093114346,16.667726205299353,2.296334202796051,14.693484726076168,0.3972421825022487,1.0
12,72,0.2,8.0,4,-1,1,1.1913126217918193,-1.0041298415809004,20.043629996782123,3.4430938036380616,17.296717326113452,3.3572922827607536,13.943590639358078,0.1617261229017469,1.0
12,72,0.2,8.0,5,-1,1,1.1745152708683215,-0.9170346585407344,20.213562779610225,2.3134898913002457,16.447317270472542,3.295051072759051,14.449949120563232,0.8805600926643539,1.0
12,72,0.2,8.0,6,-1,1,1.1930528251003412,-0.9066728253014088,20.50341525703477,3.2530032038285426,18.13881391807143,4.254904437511899,15.099798768400614,0.461769976133231,1.0
12,72,0.3,8.0,1,-1,1,1.308388832810572,-1.1516348007486668,19.526659830856307,3.2797724042069367,16.36459211930336,2.7180313163283216,16.848269189789924,1.3443029530426718,1.0
12,72,0.3,8.0,2,-1,1,1.299290190835309,-1.1732367943318152,19.715984036535456,3.1292761696269604,17.542894684205418,3.785956848736235,17.01622614410293,1.9484906473918189,1.0
12,72,0.3,8.0,3,-1,1,1.300886706768907,-1.1776725624916469,20.24326323180868,3.5017381200132847,17.62403592264559,3.352066871446155,17.078336380688533,1.7872436764659825,1.0
12,72,0.3,8.0,4,-1,1,1.315679206657102,-1.1000921281163003,19.833799641408294,2.8947042287585125,15.754449503882103,2.6688640069046756,16.3144464564224,1.451511533281915,1.0
12,72,0.3,8.0,5,-1,1,1.269244826475484,-0.9212293987926866,20.375268597778376,2.9673255063818047,16.896480703057673,2.450935299695791,15.89456548581974,0.6743778690692115,1.0
12,72,0.3,8.0,6,-1,1,1.3060762301208666,-1.1154944080045186,19.592288938243268,3.1753329779555397,16.144888203756324,2.3244337608848005,17.200677290173516,2.0848919009941,1.0
12,72,0.4,8.0,1,-1,1,1.4372560312571054,-1.445870129587377,19.692420463227297,3.390485094009281,15.46756163514699,2.1833575024021252,19.63150867080922,3.4433928815562624,1.0
12,72,0.4,8.0,2,-1,1,1.419209920048554,-1.3700570507856755,19.206487206162695,3.0480024435992497,17.245524619427393,3.3609990511516386,19.152591767741733,3.09787615662684,1.0
12,72,0.4,8.0,3,-1,1,1.3989763054178084,-1.346059601572018,19.60021945502961,3.373757496005885,15.435247076483558,2.6946622323549523,18.125214382012924,2.3924005980771765,1.0
12,72,0.4,8.0,4,-1,1,1.4036034024375852,-1.0505546966397077,19.128051434857277,2.956371568711378,15.13845842317906,2.6424852429450527,20.607719104303666,3.0373316624698843,1.0
12,72,0.4,8.0,5,-1,1,1.406754292587054,-1.1715896249249649,19.517285807572456,3.0446701747484317,17.158629812381143,3.3576481622878767,18.955369190417333,2.800840208943808,1.0
12,72,0.4,8.0,6,-1,1,1.41298568107837,-1.4650349294267793,19.14908351662036,3.36280098473704,15.549625803690258,1.7904876252373274,19.79373755601555,3.667112192023441,1.0
12,72,0.5,8.0,1,-1,1,1.50223600009087,-1.384886354998184,18.690847074985488,2.979996729729757,15.213069766601611,2.701280472224923,21.041752020566683,3.784884659420894,1.0
12,72,0.5,8.0,2,-1,1,1.5264240415799233,-1.5725390565104749,18.988905280780905,3.4830534482667117,15.076879753207873,2.284035618557872,19.62077693842082,3.239473912995264,1.0
12,72,0.5,8.0,3,-1,1,1.543147008712074,-1.5362508589753356,18.657879230090032,2.96239812694268,16.291450113749484,3.055932541634326,19.902530836602043,3.4927811920560146,1.0
12,72,0.5,8.0,4,-1,1,1.488005486742806,-1.2243470076679706,18.58282522688207,2.4267382525171284,14.598630550173825,1.92897448272817,19.549298808326924,2.8380351361187928,1.0
12,72,0.5,8.0,5,-1,1,1.5289061304761462,-1.5215193660379978,19.156378111855133,3.2651850563734306,15.35244995466715,2.0254373146868168,20.734469668114137,3.845683106578931,1.0
12,72,0.5,8.0,6,-1,1,1.5309430215905266,-1.3816529555936188,19.014228679062864,3.052346452310933,14.249714557670083,1.9309771860759508,20.4537497014891,3.646870387623357,1.0
12,72,0.6,8.0,1,-1,1,1.6332310038060782,-1.4456241846962563,18.02355843655105,2.7468518446505117,14.866424842424044,2.73878855929287,20.008662599502735,3.401457584348276,1.0
12,72,0.6,8.0,2,-1,1,1.6118198268265922,-1.5333985428703436,18.213646821998022,2.850527426499029,14.533510032918096,2.519530244693989,20.252985519175333,3.600427532444006,1.0
12,72,0.6,8.0,3,-1,1,1.6194299594931372,-1.4441149133631996,17.78461318040971,2.5839712906007373,13.142377865721569,1.2498923010862044,19.94565804087872,3.176248784810458,1.0
12,72,0.6,8.0,4,-1,1,1.6362088396395422,-1.630019025129695,18.114288253630825,2.929469067994918,14.177020188014932,1.9973304573241983,20.162690703565367,3.5795944303618255,1.0
12,72,0.6,8.0,5,-1,1,1.6266461452597554,-1.529491113195225,18.317637235196873,2.596272688264768,11.613443441561794,0.5760130825315525,20.37106002209564,3.186937043212532,1.0
12,72,0.6,8.0,6,-1,1,1.6268199941784185,-1.6470696232419415,17.97206681500064,2.7458311590843314,15.976612571908072,3.1142087983784617,20.65931493206449,3.6799498301227858,1.0
12,72,0.7,8.0,1,-1,1,1.698664766555605,-1.5134857562620216,17.86468908002466,2.5818639248595914,14.371800105152664,1.8045431525111888,19.55210886627909,2.9560072771892236,1.0
12,72,0.7,8.0,2,-1,1,1.713378063910064,-1.69168001275922,17.84439344781196,2.6717763357276643,13.05210283761518,1.2482921276653118,19.9003489418162,3.622458843456768,1.0
12,72,0.7,8.0,3,-1,1,1.7202328344853572,-1.7511824886467209,17.988782156455944,2.9967182719183807,13.412251278335086,1.6151999045084025,19.79981757110303,3.542299524207007,1.0
12,72,0.7,8.0,4,-1,1,1.7196051408331523,-1.6135837902173649,18.066775987295635,2.732570037386269,13.85476822931771,1.622598982496661,20.28094327625833,3.340962485886969,1.0
12,72,0.7,8.0,5,-1,1,1.723490193931814,-1.7711872542331826,17.356749713760173,2.5861594420103993,13.60888802921036,1.770260076098381,20.352101230309803,3.699268182434535,1.0
12,72,0.7,8.0,6,-1,1,1.7104308686517524,-1.6581257155916935,17.860215862622955,2.76156332850615,13.107920346854051,1.0589411615344742,20.20532144882607,3.7048494439951143,1.0
